"","date","tsne1","tsne2","MONTH","YEAR","time_period","date_label","ACTIVITY","value"
"1","2019-01",-7.78291832828712,45.3247221112903,1,"2019","Pre-COVID Peak","Jan 2019","Caring for Household",21.6252933944571
"2","2019-01",-7.78291832828712,45.3247221112903,1,"2019","Pre-COVID Peak","Jan 2019","Caring for Non-Household",5.87441487151348
"3","2019-01",-7.78291832828712,45.3247221112903,1,"2019","Pre-COVID Peak","Jan 2019","Education",34.8463429072379
"4","2019-01",-7.78291832828712,45.3247221112903,1,"2019","Pre-COVID Peak","Jan 2019","Eating and Drinking",63.8710766733274
"5","2019-01",-7.78291832828712,45.3247221112903,1,"2019","Pre-COVID Peak","Jan 2019","Civic Duties",0.328490240074047
"6","2019-01",-7.78291832828712,45.3247221112903,1,"2019","Pre-COVID Peak","Jan 2019","Household Activities",97.2686377290784
"7","2019-01",-7.78291832828712,45.3247221112903,1,"2019","Pre-COVID Peak","Jan 2019","Household Services",0.390059800862007
"8","2019-01",-7.78291832828712,45.3247221112903,1,"2019","Pre-COVID Peak","Jan 2019","Personal Care",581.090422184727
"9","2019-01",-7.78291832828712,45.3247221112903,1,"2019","Pre-COVID Peak","Jan 2019","Phone Calls",6.98275227913471
"10","2019-01",-7.78291832828712,45.3247221112903,1,"2019","Pre-COVID Peak","Jan 2019","Care Services",5.65851953104129
"11","2019-01",-7.78291832828712,45.3247221112903,1,"2019","Pre-COVID Peak","Jan 2019","Consumer Purchasing",18.4765014305266
"12","2019-01",-7.78291832828712,45.3247221112903,1,"2019","Pre-COVID Peak","Jan 2019","Religious/Spiritual Activities",11.4239658496934
"13","2019-01",-7.78291832828712,45.3247221112903,1,"2019","Pre-COVID Peak","Jan 2019","Socializing and Leisure",277.034334703064
"14","2019-01",-7.78291832828712,45.3247221112903,1,"2019","Pre-COVID Peak","Jan 2019","Sports and Exercise",15.6047353402734
"15","2019-01",-7.78291832828712,45.3247221112903,1,"2019","Pre-COVID Peak","Jan 2019","Traveling",70.3175154691803
"16","2019-01",-7.78291832828712,45.3247221112903,1,"2019","Pre-COVID Peak","Jan 2019","Volunteering",6.97147995107005
"17","2019-01",-7.78291832828712,45.3247221112903,1,"2019","Pre-COVID Peak","Jan 2019","Work",209.322884708616
"18","2021-01",54.4725267036062,-34.000276340802,1,"2021","COVID Peak","Jan 2021","Caring for Household",25.5392050761609
"19","2021-01",54.4725267036062,-34.000276340802,1,"2021","COVID Peak","Jan 2021","Caring for Non-Household",5.97185295171778
"20","2021-01",54.4725267036062,-34.000276340802,1,"2021","COVID Peak","Jan 2021","Education",37.2920848426139
"21","2021-01",54.4725267036062,-34.000276340802,1,"2021","COVID Peak","Jan 2021","Eating and Drinking",63.2263152263631
"22","2021-01",54.4725267036062,-34.000276340802,1,"2021","COVID Peak","Jan 2021","Civic Duties",0.435553789768146
"23","2021-01",54.4725267036062,-34.000276340802,1,"2021","COVID Peak","Jan 2021","Household Activities",109.44460038664
"24","2021-01",54.4725267036062,-34.000276340802,1,"2021","COVID Peak","Jan 2021","Household Services",0.542615961898887
"25","2021-01",54.4725267036062,-34.000276340802,1,"2021","COVID Peak","Jan 2021","Personal Care",592.546291981711
"26","2021-01",54.4725267036062,-34.000276340802,1,"2021","COVID Peak","Jan 2021","Phone Calls",12.2677713924422
"27","2021-01",54.4725267036062,-34.000276340802,1,"2021","COVID Peak","Jan 2021","Care Services",5.84400273137219
"28","2021-01",54.4725267036062,-34.000276340802,1,"2021","COVID Peak","Jan 2021","Consumer Purchasing",15.8151508576431
"29","2021-01",54.4725267036062,-34.000276340802,1,"2021","COVID Peak","Jan 2021","Religious/Spiritual Activities",7.6138043785617
"30","2021-01",54.4725267036062,-34.000276340802,1,"2021","COVID Peak","Jan 2021","Socializing and Leisure",306.765654778359
"31","2021-01",54.4725267036062,-34.000276340802,1,"2021","COVID Peak","Jan 2021","Sports and Exercise",14.1367989818979
"32","2021-01",54.4725267036062,-34.000276340802,1,"2021","COVID Peak","Jan 2021","Traveling",45.0286762617157
"33","2021-01",54.4725267036062,-34.000276340802,1,"2021","COVID Peak","Jan 2021","Volunteering",5.72795153970168
"34","2021-01",54.4725267036062,-34.000276340802,1,"2021","COVID Peak","Jan 2021","Work",182.561693815775
"35","2019-02",4.90374749831663,37.6207518244802,2,"2019","Pre-COVID Peak","Feb 2019","Caring for Household",26.2666541591801
"36","2019-02",4.90374749831663,37.6207518244802,2,"2019","Pre-COVID Peak","Feb 2019","Caring for Non-Household",10.6090963910472
"37","2019-02",4.90374749831663,37.6207518244802,2,"2019","Pre-COVID Peak","Feb 2019","Education",34.3982188913162
"38","2019-02",4.90374749831663,37.6207518244802,2,"2019","Pre-COVID Peak","Feb 2019","Eating and Drinking",65.3492826318631
"39","2019-02",4.90374749831663,37.6207518244802,2,"2019","Pre-COVID Peak","Feb 2019","Civic Duties",0.535514536167422
"40","2019-02",4.90374749831663,37.6207518244802,2,"2019","Pre-COVID Peak","Feb 2019","Household Activities",100.148281116195
"41","2019-02",4.90374749831663,37.6207518244802,2,"2019","Pre-COVID Peak","Feb 2019","Household Services",1.3646476634576
"42","2019-02",4.90374749831663,37.6207518244802,2,"2019","Pre-COVID Peak","Feb 2019","Personal Care",574.085738379235
"43","2019-02",4.90374749831663,37.6207518244802,2,"2019","Pre-COVID Peak","Feb 2019","Phone Calls",5.78475769703154
"44","2019-02",4.90374749831663,37.6207518244802,2,"2019","Pre-COVID Peak","Feb 2019","Care Services",5.67245088344162
"45","2019-02",4.90374749831663,37.6207518244802,2,"2019","Pre-COVID Peak","Feb 2019","Consumer Purchasing",19.3800570492836
"46","2019-02",4.90374749831663,37.6207518244802,2,"2019","Pre-COVID Peak","Feb 2019","Religious/Spiritual Activities",8.28634634461084
"47","2019-02",4.90374749831663,37.6207518244802,2,"2019","Pre-COVID Peak","Feb 2019","Socializing and Leisure",279.994287054562
"48","2019-02",4.90374749831663,37.6207518244802,2,"2019","Pre-COVID Peak","Feb 2019","Sports and Exercise",18.3804616674596
"49","2019-02",4.90374749831663,37.6207518244802,2,"2019","Pre-COVID Peak","Feb 2019","Traveling",64.1039140011433
"50","2019-02",4.90374749831663,37.6207518244802,2,"2019","Pre-COVID Peak","Feb 2019","Volunteering",6.31939545581139
"51","2019-02",4.90374749831663,37.6207518244802,2,"2019","Pre-COVID Peak","Feb 2019","Work",203.695630153472
"52","2021-02",44.2302847570503,20.9950422146116,2,"2021","Post-COVID Peak","Feb 2021","Caring for Household",23.9716637063129
"53","2021-02",44.2302847570503,20.9950422146116,2,"2021","Post-COVID Peak","Feb 2021","Caring for Non-Household",6.64601301420887
"54","2021-02",44.2302847570503,20.9950422146116,2,"2021","Post-COVID Peak","Feb 2021","Education",30.7175862855613
"55","2021-02",44.2302847570503,20.9950422146116,2,"2021","Post-COVID Peak","Feb 2021","Eating and Drinking",67.6596228419806
"56","2021-02",44.2302847570503,20.9950422146116,2,"2021","Post-COVID Peak","Feb 2021","Civic Duties",0.0106676994440313
"57","2021-02",44.2302847570503,20.9950422146116,2,"2021","Post-COVID Peak","Feb 2021","Household Activities",112.163791171443
"58","2021-02",44.2302847570503,20.9950422146116,2,"2021","Post-COVID Peak","Feb 2021","Household Services",0.547754790521336
"59","2021-02",44.2302847570503,20.9950422146116,2,"2021","Post-COVID Peak","Feb 2021","Personal Care",596.33381447101
"60","2021-02",44.2302847570503,20.9950422146116,2,"2021","Post-COVID Peak","Feb 2021","Phone Calls",11.2749426841018
"61","2021-02",44.2302847570503,20.9950422146116,2,"2021","Post-COVID Peak","Feb 2021","Care Services",4.04611342390619
"62","2021-02",44.2302847570503,20.9950422146116,2,"2021","Post-COVID Peak","Feb 2021","Consumer Purchasing",14.4420564547762
"63","2021-02",44.2302847570503,20.9950422146116,2,"2021","Post-COVID Peak","Feb 2021","Religious/Spiritual Activities",4.96216789219722
"64","2021-02",44.2302847570503,20.9950422146116,2,"2021","Post-COVID Peak","Feb 2021","Socializing and Leisure",285.664131090486
"65","2021-02",44.2302847570503,20.9950422146116,2,"2021","Post-COVID Peak","Feb 2021","Sports and Exercise",20.8178223072979
"66","2021-02",44.2302847570503,20.9950422146116,2,"2021","Post-COVID Peak","Feb 2021","Traveling",43.8409778802574
"67","2021-02",44.2302847570503,20.9950422146116,2,"2021","Post-COVID Peak","Feb 2021","Volunteering",3.45780632846881
"68","2021-02",44.2302847570503,20.9950422146116,2,"2021","Post-COVID Peak","Feb 2021","Work",204.235068428964
"69","2019-03",3.50392487647081,50.3540839705006,3,"2019","Pre-COVID Peak","Mar 2019","Caring for Household",24.696886881184
"70","2019-03",3.50392487647081,50.3540839705006,3,"2019","Pre-COVID Peak","Mar 2019","Caring for Non-Household",6.55725419021452
"71","2019-03",3.50392487647081,50.3540839705006,3,"2019","Pre-COVID Peak","Mar 2019","Education",33.0876772596189
"72","2019-03",3.50392487647081,50.3540839705006,3,"2019","Pre-COVID Peak","Mar 2019","Eating and Drinking",66.1432136311121
"73","2019-03",3.50392487647081,50.3540839705006,3,"2019","Pre-COVID Peak","Mar 2019","Civic Duties",0.445330021205228
"74","2019-03",3.50392487647081,50.3540839705006,3,"2019","Pre-COVID Peak","Mar 2019","Household Activities",96.7589537852128
"75","2019-03",3.50392487647081,50.3540839705006,3,"2019","Pre-COVID Peak","Mar 2019","Household Services",0.317505163300498
"76","2019-03",3.50392487647081,50.3540839705006,3,"2019","Pre-COVID Peak","Mar 2019","Personal Care",575.395440065876
"77","2019-03",3.50392487647081,50.3540839705006,3,"2019","Pre-COVID Peak","Mar 2019","Phone Calls",7.6038469333457
"78","2019-03",3.50392487647081,50.3540839705006,3,"2019","Pre-COVID Peak","Mar 2019","Care Services",7.02153306219819
"79","2019-03",3.50392487647081,50.3540839705006,3,"2019","Pre-COVID Peak","Mar 2019","Consumer Purchasing",20.6205565091043
"80","2019-03",3.50392487647081,50.3540839705006,3,"2019","Pre-COVID Peak","Mar 2019","Religious/Spiritual Activities",8.04814828733868
"81","2019-03",3.50392487647081,50.3540839705006,3,"2019","Pre-COVID Peak","Mar 2019","Socializing and Leisure",276.907170273402
"82","2019-03",3.50392487647081,50.3540839705006,3,"2019","Pre-COVID Peak","Mar 2019","Sports and Exercise",17.0983749942344
"83","2019-03",3.50392487647081,50.3540839705006,3,"2019","Pre-COVID Peak","Mar 2019","Traveling",72.2074107481454
"84","2019-03",3.50392487647081,50.3540839705006,3,"2019","Pre-COVID Peak","Mar 2019","Volunteering",8.68669368377854
"85","2019-03",3.50392487647081,50.3540839705006,3,"2019","Pre-COVID Peak","Mar 2019","Work",202.548855900182
"86","2021-03",37.444585514811,42.3786271345707,3,"2021","Post-COVID Peak","Mar 2021","Caring for Household",26.8648676617725
"87","2021-03",37.444585514811,42.3786271345707,3,"2021","Post-COVID Peak","Mar 2021","Caring for Non-Household",6.31487038701191
"88","2021-03",37.444585514811,42.3786271345707,3,"2021","Post-COVID Peak","Mar 2021","Education",30.951377097433
"89","2021-03",37.444585514811,42.3786271345707,3,"2021","Post-COVID Peak","Mar 2021","Eating and Drinking",63.281381245932
"90","2021-03",37.444585514811,42.3786271345707,3,"2021","Post-COVID Peak","Mar 2021","Civic Duties",0.36713848171891
"91","2021-03",37.444585514811,42.3786271345707,3,"2021","Post-COVID Peak","Mar 2021","Household Activities",106.18177819403
"92","2021-03",37.444585514811,42.3786271345707,3,"2021","Post-COVID Peak","Mar 2021","Household Services",1.10999936523723
"93","2021-03",37.444585514811,42.3786271345707,3,"2021","Post-COVID Peak","Mar 2021","Personal Care",576.714728243805
"94","2021-03",37.444585514811,42.3786271345707,3,"2021","Post-COVID Peak","Mar 2021","Phone Calls",6.70973356167989
"95","2021-03",37.444585514811,42.3786271345707,3,"2021","Post-COVID Peak","Mar 2021","Care Services",5.76256158692786
"96","2021-03",37.444585514811,42.3786271345707,3,"2021","Post-COVID Peak","Mar 2021","Consumer Purchasing",15.8779254274339
"97","2021-03",37.444585514811,42.3786271345707,3,"2021","Post-COVID Peak","Mar 2021","Religious/Spiritual Activities",7.51640040858286
"98","2021-03",37.444585514811,42.3786271345707,3,"2021","Post-COVID Peak","Mar 2021","Socializing and Leisure",286.649381797458
"99","2021-03",37.444585514811,42.3786271345707,3,"2021","Post-COVID Peak","Mar 2021","Sports and Exercise",21.0994535133726
"100","2021-03",37.444585514811,42.3786271345707,3,"2021","Post-COVID Peak","Mar 2021","Traveling",49.693590238708
"101","2021-03",37.444585514811,42.3786271345707,3,"2021","Post-COVID Peak","Mar 2021","Volunteering",4.61828421177132
"102","2021-03",37.444585514811,42.3786271345707,3,"2021","Post-COVID Peak","Mar 2021","Work",221.400009046283
"103","2019-04",-45.6433150692266,20.7106973581098,4,"2019","Pre-COVID Peak","Apr 2019","Caring for Household",23.0224828744694
"104","2019-04",-45.6433150692266,20.7106973581098,4,"2019","Pre-COVID Peak","Apr 2019","Caring for Non-Household",6.50084640701799
"105","2019-04",-45.6433150692266,20.7106973581098,4,"2019","Pre-COVID Peak","Apr 2019","Education",27.1487502688813
"106","2019-04",-45.6433150692266,20.7106973581098,4,"2019","Pre-COVID Peak","Apr 2019","Eating and Drinking",61.4147208595229
"107","2019-04",-45.6433150692266,20.7106973581098,4,"2019","Pre-COVID Peak","Apr 2019","Civic Duties",0.669562458497048
"108","2019-04",-45.6433150692266,20.7106973581098,4,"2019","Pre-COVID Peak","Apr 2019","Household Activities",109.625523369111
"109","2019-04",-45.6433150692266,20.7106973581098,4,"2019","Pre-COVID Peak","Apr 2019","Household Services",1.3727597031572
"110","2019-04",-45.6433150692266,20.7106973581098,4,"2019","Pre-COVID Peak","Apr 2019","Personal Care",566.996307495193
"111","2019-04",-45.6433150692266,20.7106973581098,4,"2019","Pre-COVID Peak","Apr 2019","Phone Calls",6.86191871757333
"112","2019-04",-45.6433150692266,20.7106973581098,4,"2019","Pre-COVID Peak","Apr 2019","Care Services",4.25958295463942
"113","2019-04",-45.6433150692266,20.7106973581098,4,"2019","Pre-COVID Peak","Apr 2019","Consumer Purchasing",22.4659293861652
"114","2019-04",-45.6433150692266,20.7106973581098,4,"2019","Pre-COVID Peak","Apr 2019","Religious/Spiritual Activities",8.17289657648653
"115","2019-04",-45.6433150692266,20.7106973581098,4,"2019","Pre-COVID Peak","Apr 2019","Socializing and Leisure",266.008491206951
"116","2019-04",-45.6433150692266,20.7106973581098,4,"2019","Pre-COVID Peak","Apr 2019","Sports and Exercise",18.8897720180715
"117","2019-04",-45.6433150692266,20.7106973581098,4,"2019","Pre-COVID Peak","Apr 2019","Traveling",80.9248934928798
"118","2019-04",-45.6433150692266,20.7106973581098,4,"2019","Pre-COVID Peak","Apr 2019","Volunteering",8.79303314906545
"119","2019-04",-45.6433150692266,20.7106973581098,4,"2019","Pre-COVID Peak","Apr 2019","Work",215.817699335584
"120","2021-04",25.5863076798482,22.2905088890988,4,"2021","Post-COVID Peak","Apr 2021","Caring for Household",22.7602719440189
"121","2021-04",25.5863076798482,22.2905088890988,4,"2021","Post-COVID Peak","Apr 2021","Caring for Non-Household",7.57807876105548
"122","2021-04",25.5863076798482,22.2905088890988,4,"2021","Post-COVID Peak","Apr 2021","Education",31.4553837843014
"123","2021-04",25.5863076798482,22.2905088890988,4,"2021","Post-COVID Peak","Apr 2021","Eating and Drinking",66.6614929697851
"124","2021-04",25.5863076798482,22.2905088890988,4,"2021","Post-COVID Peak","Apr 2021","Civic Duties",0.122979078515584
"125","2021-04",25.5863076798482,22.2905088890988,4,"2021","Post-COVID Peak","Apr 2021","Household Activities",115.869892612033
"126","2021-04",25.5863076798482,22.2905088890988,4,"2021","Post-COVID Peak","Apr 2021","Household Services",1.05307729100818
"127","2021-04",25.5863076798482,22.2905088890988,4,"2021","Post-COVID Peak","Apr 2021","Personal Care",575.311011824593
"128","2021-04",25.5863076798482,22.2905088890988,4,"2021","Post-COVID Peak","Apr 2021","Phone Calls",12.9839950414016
"129","2021-04",25.5863076798482,22.2905088890988,4,"2021","Post-COVID Peak","Apr 2021","Care Services",4.50348413195843
"130","2021-04",25.5863076798482,22.2905088890988,4,"2021","Post-COVID Peak","Apr 2021","Consumer Purchasing",21.11614607571
"131","2021-04",25.5863076798482,22.2905088890988,4,"2021","Post-COVID Peak","Apr 2021","Religious/Spiritual Activities",6.02152527653411
"132","2021-04",25.5863076798482,22.2905088890988,4,"2021","Post-COVID Peak","Apr 2021","Socializing and Leisure",284.906146707368
"133","2021-04",25.5863076798482,22.2905088890988,4,"2021","Post-COVID Peak","Apr 2021","Sports and Exercise",24.5262748496705
"134","2021-04",25.5863076798482,22.2905088890988,4,"2021","Post-COVID Peak","Apr 2021","Traveling",51.85613243628
"135","2021-04",25.5863076798482,22.2905088890988,4,"2021","Post-COVID Peak","Apr 2021","Volunteering",6.78702684898303
"136","2021-04",25.5863076798482,22.2905088890988,4,"2021","Post-COVID Peak","Apr 2021","Work",197.593763130201
"137","2019-05",-56.2370539151065,26.2628112092711,5,"2019","Pre-COVID Peak","May 2019","Caring for Household",27.2346399977022
"138","2019-05",-56.2370539151065,26.2628112092711,5,"2019","Pre-COVID Peak","May 2019","Caring for Non-Household",8.92681500110465
"139","2019-05",-56.2370539151065,26.2628112092711,5,"2019","Pre-COVID Peak","May 2019","Education",27.7660139912233
"140","2019-05",-56.2370539151065,26.2628112092711,5,"2019","Pre-COVID Peak","May 2019","Eating and Drinking",59.4883277644087
"141","2019-05",-56.2370539151065,26.2628112092711,5,"2019","Pre-COVID Peak","May 2019","Civic Duties",0.00214459662281044
"142","2019-05",-56.2370539151065,26.2628112092711,5,"2019","Pre-COVID Peak","May 2019","Household Activities",105.540457912494
"143","2019-05",-56.2370539151065,26.2628112092711,5,"2019","Pre-COVID Peak","May 2019","Household Services",0.875082880504828
"144","2019-05",-56.2370539151065,26.2628112092711,5,"2019","Pre-COVID Peak","May 2019","Personal Care",570.844240830922
"145","2019-05",-56.2370539151065,26.2628112092711,5,"2019","Pre-COVID Peak","May 2019","Phone Calls",6.21012458062726
"146","2019-05",-56.2370539151065,26.2628112092711,5,"2019","Pre-COVID Peak","May 2019","Care Services",5.14537900317715
"147","2019-05",-56.2370539151065,26.2628112092711,5,"2019","Pre-COVID Peak","May 2019","Consumer Purchasing",20.4507728284605
"148","2019-05",-56.2370539151065,26.2628112092711,5,"2019","Pre-COVID Peak","May 2019","Religious/Spiritual Activities",7.06066658248394
"149","2019-05",-56.2370539151065,26.2628112092711,5,"2019","Pre-COVID Peak","May 2019","Socializing and Leisure",268.13104201645
"150","2019-05",-56.2370539151065,26.2628112092711,5,"2019","Pre-COVID Peak","May 2019","Sports and Exercise",19.4816775248597
"151","2019-05",-56.2370539151065,26.2628112092711,5,"2019","Pre-COVID Peak","May 2019","Traveling",78.3260820021561
"152","2019-05",-56.2370539151065,26.2628112092711,5,"2019","Pre-COVID Peak","May 2019","Volunteering",4.63810935234237
"153","2019-05",-56.2370539151065,26.2628112092711,5,"2019","Pre-COVID Peak","May 2019","Work",217.992880464842
"154","2021-05",-0.738236438389394,-43.5502721458279,5,"2021","Post-COVID Peak","May 2021","Caring for Household",26.6011380235075
"155","2021-05",-0.738236438389394,-43.5502721458279,5,"2021","Post-COVID Peak","May 2021","Caring for Non-Household",13.8568894811337
"156","2021-05",-0.738236438389394,-43.5502721458279,5,"2021","Post-COVID Peak","May 2021","Education",8.56760665448893
"157","2021-05",-0.738236438389394,-43.5502721458279,5,"2021","Post-COVID Peak","May 2021","Eating and Drinking",67.9242487804696
"158","2021-05",-0.738236438389394,-43.5502721458279,5,"2021","Post-COVID Peak","May 2021","Civic Duties",0.156193905862329
"159","2021-05",-0.738236438389394,-43.5502721458279,5,"2021","Post-COVID Peak","May 2021","Household Activities",127.593971192887
"160","2021-05",-0.738236438389394,-43.5502721458279,5,"2021","Post-COVID Peak","May 2021","Household Services",1.29519038674324
"161","2021-05",-0.738236438389394,-43.5502721458279,5,"2021","Post-COVID Peak","May 2021","Personal Care",570.889694143892
"162","2021-05",-0.738236438389394,-43.5502721458279,5,"2021","Post-COVID Peak","May 2021","Phone Calls",9.23042530730589
"163","2021-05",-0.738236438389394,-43.5502721458279,5,"2021","Post-COVID Peak","May 2021","Care Services",4.58699674398022
"164","2021-05",-0.738236438389394,-43.5502721458279,5,"2021","Post-COVID Peak","May 2021","Consumer Purchasing",21.5779147093921
"165","2021-05",-0.738236438389394,-43.5502721458279,5,"2021","Post-COVID Peak","May 2021","Religious/Spiritual Activities",5.53756355051946
"166","2021-05",-0.738236438389394,-43.5502721458279,5,"2021","Post-COVID Peak","May 2021","Socializing and Leisure",299.014051505029
"167","2021-05",-0.738236438389394,-43.5502721458279,5,"2021","Post-COVID Peak","May 2021","Sports and Exercise",24.3896638155143
"168","2021-05",-0.738236438389394,-43.5502721458279,5,"2021","Post-COVID Peak","May 2021","Traveling",55.753775502099
"169","2021-05",-0.738236438389394,-43.5502721458279,5,"2021","Post-COVID Peak","May 2021","Volunteering",6.06641387487539
"170","2021-05",-0.738236438389394,-43.5502721458279,5,"2021","Post-COVID Peak","May 2021","Work",189.393065248131
"171","2019-06",-36.0005988668389,-56.7029759778612,6,"2019","Pre-COVID Peak","Jun 2019","Caring for Household",23.1048883595727
"172","2019-06",-36.0005988668389,-56.7029759778612,6,"2019","Pre-COVID Peak","Jun 2019","Caring for Non-Household",9.48445749906792
"173","2019-06",-36.0005988668389,-56.7029759778612,6,"2019","Pre-COVID Peak","Jun 2019","Education",10.7577515114416
"174","2019-06",-36.0005988668389,-56.7029759778612,6,"2019","Pre-COVID Peak","Jun 2019","Eating and Drinking",63.1760769211591
"175","2019-06",-36.0005988668389,-56.7029759778612,6,"2019","Pre-COVID Peak","Jun 2019","Civic Duties",0.129644025102453
"176","2019-06",-36.0005988668389,-56.7029759778612,6,"2019","Pre-COVID Peak","Jun 2019","Household Activities",108.48415323115
"177","2019-06",-36.0005988668389,-56.7029759778612,6,"2019","Pre-COVID Peak","Jun 2019","Household Services",1.37505380192654
"178","2019-06",-36.0005988668389,-56.7029759778612,6,"2019","Pre-COVID Peak","Jun 2019","Personal Care",583.313814353887
"179","2019-06",-36.0005988668389,-56.7029759778612,6,"2019","Pre-COVID Peak","Jun 2019","Phone Calls",6.42908613824102
"180","2019-06",-36.0005988668389,-56.7029759778612,6,"2019","Pre-COVID Peak","Jun 2019","Care Services",5.57063736040545
"181","2019-06",-36.0005988668389,-56.7029759778612,6,"2019","Pre-COVID Peak","Jun 2019","Consumer Purchasing",23.1106277438988
"182","2019-06",-36.0005988668389,-56.7029759778612,6,"2019","Pre-COVID Peak","Jun 2019","Religious/Spiritual Activities",9.9699246555926
"183","2019-06",-36.0005988668389,-56.7029759778612,6,"2019","Pre-COVID Peak","Jun 2019","Socializing and Leisure",292.08110939779
"184","2019-06",-36.0005988668389,-56.7029759778612,6,"2019","Pre-COVID Peak","Jun 2019","Sports and Exercise",24.5220862357941
"185","2019-06",-36.0005988668389,-56.7029759778612,6,"2019","Pre-COVID Peak","Jun 2019","Traveling",77.0816115521793
"186","2019-06",-36.0005988668389,-56.7029759778612,6,"2019","Pre-COVID Peak","Jun 2019","Volunteering",8.52922761619718
"187","2019-06",-36.0005988668389,-56.7029759778612,6,"2019","Pre-COVID Peak","Jun 2019","Work",179.674884620483
"188","2021-06",-14.568372978373,-30.5535566678549,6,"2021","Post-COVID Peak","Jun 2021","Caring for Household",25.432079942554
"189","2021-06",-14.568372978373,-30.5535566678549,6,"2021","Post-COVID Peak","Jun 2021","Caring for Non-Household",11.4115889511398
"190","2021-06",-14.568372978373,-30.5535566678549,6,"2021","Post-COVID Peak","Jun 2021","Education",10.3795355784159
"191","2021-06",-14.568372978373,-30.5535566678549,6,"2021","Post-COVID Peak","Jun 2021","Eating and Drinking",66.8690657309393
"192","2021-06",-14.568372978373,-30.5535566678549,6,"2021","Post-COVID Peak","Jun 2021","Civic Duties",0
"193","2021-06",-14.568372978373,-30.5535566678549,6,"2021","Post-COVID Peak","Jun 2021","Household Activities",125.912605286445
"194","2021-06",-14.568372978373,-30.5535566678549,6,"2021","Post-COVID Peak","Jun 2021","Household Services",1.69585768503723
"195","2021-06",-14.568372978373,-30.5535566678549,6,"2021","Post-COVID Peak","Jun 2021","Personal Care",574.230861781873
"196","2021-06",-14.568372978373,-30.5535566678549,6,"2021","Post-COVID Peak","Jun 2021","Phone Calls",10.1396605296885
"197","2021-06",-14.568372978373,-30.5535566678549,6,"2021","Post-COVID Peak","Jun 2021","Care Services",6.91185404019597
"198","2021-06",-14.568372978373,-30.5535566678549,6,"2021","Post-COVID Peak","Jun 2021","Consumer Purchasing",17.910130011301
"199","2021-06",-14.568372978373,-30.5535566678549,6,"2021","Post-COVID Peak","Jun 2021","Religious/Spiritual Activities",4.86262170346987
"200","2021-06",-14.568372978373,-30.5535566678549,6,"2021","Post-COVID Peak","Jun 2021","Socializing and Leisure",282.644918038249
"201","2021-06",-14.568372978373,-30.5535566678549,6,"2021","Post-COVID Peak","Jun 2021","Sports and Exercise",29.6218774961794
"202","2021-06",-14.568372978373,-30.5535566678549,6,"2021","Post-COVID Peak","Jun 2021","Traveling",62.1304986111406
"203","2021-06",-14.568372978373,-30.5535566678549,6,"2021","Post-COVID Peak","Jun 2021","Volunteering",6.17713263552183
"204","2021-06",-14.568372978373,-30.5535566678549,6,"2021","Post-COVID Peak","Jun 2021","Work",195.66681237639
"205","2019-07",-44.307184920902,-50.4240613746826,7,"2019","Pre-COVID Peak","Jul 2019","Caring for Household",18.9834618414842
"206","2019-07",-44.307184920902,-50.4240613746826,7,"2019","Pre-COVID Peak","Jul 2019","Caring for Non-Household",10.9670479562301
"207","2019-07",-44.307184920902,-50.4240613746826,7,"2019","Pre-COVID Peak","Jul 2019","Education",6.240527028838
"208","2019-07",-44.307184920902,-50.4240613746826,7,"2019","Pre-COVID Peak","Jul 2019","Eating and Drinking",64.2884228995948
"209","2019-07",-44.307184920902,-50.4240613746826,7,"2019","Pre-COVID Peak","Jul 2019","Civic Duties",0.413848987394535
"210","2019-07",-44.307184920902,-50.4240613746826,7,"2019","Pre-COVID Peak","Jul 2019","Household Activities",104.331407665672
"211","2019-07",-44.307184920902,-50.4240613746826,7,"2019","Pre-COVID Peak","Jul 2019","Household Services",0.963421648664101
"212","2019-07",-44.307184920902,-50.4240613746826,7,"2019","Pre-COVID Peak","Jul 2019","Personal Care",584.866073829242
"213","2019-07",-44.307184920902,-50.4240613746826,7,"2019","Pre-COVID Peak","Jul 2019","Phone Calls",7.12369359328676
"214","2019-07",-44.307184920902,-50.4240613746826,7,"2019","Pre-COVID Peak","Jul 2019","Care Services",5.50048374528831
"215","2019-07",-44.307184920902,-50.4240613746826,7,"2019","Pre-COVID Peak","Jul 2019","Consumer Purchasing",20.3923949549428
"216","2019-07",-44.307184920902,-50.4240613746826,7,"2019","Pre-COVID Peak","Jul 2019","Religious/Spiritual Activities",6.97445385971783
"217","2019-07",-44.307184920902,-50.4240613746826,7,"2019","Pre-COVID Peak","Jul 2019","Socializing and Leisure",292.340196126338
"218","2019-07",-44.307184920902,-50.4240613746826,7,"2019","Pre-COVID Peak","Jul 2019","Sports and Exercise",22.0982703191155
"219","2019-07",-44.307184920902,-50.4240613746826,7,"2019","Pre-COVID Peak","Jul 2019","Traveling",79.9827324201766
"220","2019-07",-44.307184920902,-50.4240613746826,7,"2019","Pre-COVID Peak","Jul 2019","Volunteering",10.3978009538893
"221","2019-07",-44.307184920902,-50.4240613746826,7,"2019","Pre-COVID Peak","Jul 2019","Work",196.055321509197
"222","2021-07",6.8245886988659,-60.7219227135859,7,"2021","Post-COVID Peak","Jul 2021","Caring for Household",23.1424902001661
"223","2021-07",6.8245886988659,-60.7219227135859,7,"2021","Post-COVID Peak","Jul 2021","Caring for Non-Household",4.21577086462439
"224","2021-07",6.8245886988659,-60.7219227135859,7,"2021","Post-COVID Peak","Jul 2021","Education",7.23412588966751
"225","2021-07",6.8245886988659,-60.7219227135859,7,"2021","Post-COVID Peak","Jul 2021","Eating and Drinking",69.9983435792325
"226","2021-07",6.8245886988659,-60.7219227135859,7,"2021","Post-COVID Peak","Jul 2021","Civic Duties",0.113108690665722
"227","2021-07",6.8245886988659,-60.7219227135859,7,"2021","Post-COVID Peak","Jul 2021","Household Activities",119.905974217978
"228","2021-07",6.8245886988659,-60.7219227135859,7,"2021","Post-COVID Peak","Jul 2021","Household Services",1.03336726551606
"229","2021-07",6.8245886988659,-60.7219227135859,7,"2021","Post-COVID Peak","Jul 2021","Personal Care",583.819377494756
"230","2021-07",6.8245886988659,-60.7219227135859,7,"2021","Post-COVID Peak","Jul 2021","Phone Calls",7.434809607172
"231","2021-07",6.8245886988659,-60.7219227135859,7,"2021","Post-COVID Peak","Jul 2021","Care Services",4.35031424286181
"232","2021-07",6.8245886988659,-60.7219227135859,7,"2021","Post-COVID Peak","Jul 2021","Consumer Purchasing",16.7263570688984
"233","2021-07",6.8245886988659,-60.7219227135859,7,"2021","Post-COVID Peak","Jul 2021","Religious/Spiritual Activities",6.90530301062057
"234","2021-07",6.8245886988659,-60.7219227135859,7,"2021","Post-COVID Peak","Jul 2021","Socializing and Leisure",312.05118854764
"235","2021-07",6.8245886988659,-60.7219227135859,7,"2021","Post-COVID Peak","Jul 2021","Sports and Exercise",21.8836751422905
"236","2021-07",6.8245886988659,-60.7219227135859,7,"2021","Post-COVID Peak","Jul 2021","Traveling",61.9166367801104
"237","2021-07",6.8245886988659,-60.7219227135859,7,"2021","Post-COVID Peak","Jul 2021","Volunteering",3.45989277774722
"238","2021-07",6.8245886988659,-60.7219227135859,7,"2021","Post-COVID Peak","Jul 2021","Work",187.937604634196
"239","2019-08",-17.8308798098921,-13.2564574058506,8,"2019","Pre-COVID Peak","Aug 2019","Caring for Household",28.2663810733291
"240","2019-08",-17.8308798098921,-13.2564574058506,8,"2019","Pre-COVID Peak","Aug 2019","Caring for Non-Household",8.01148966533168
"241","2019-08",-17.8308798098921,-13.2564574058506,8,"2019","Pre-COVID Peak","Aug 2019","Education",16.9410770962058
"242","2019-08",-17.8308798098921,-13.2564574058506,8,"2019","Pre-COVID Peak","Aug 2019","Eating and Drinking",67.2133602686484
"243","2019-08",-17.8308798098921,-13.2564574058506,8,"2019","Pre-COVID Peak","Aug 2019","Civic Duties",0.197623628887899
"244","2019-08",-17.8308798098921,-13.2564574058506,8,"2019","Pre-COVID Peak","Aug 2019","Household Activities",119.54321166134
"245","2019-08",-17.8308798098921,-13.2564574058506,8,"2019","Pre-COVID Peak","Aug 2019","Household Services",0.573723423451643
"246","2019-08",-17.8308798098921,-13.2564574058506,8,"2019","Pre-COVID Peak","Aug 2019","Personal Care",576.837442467716
"247","2019-08",-17.8308798098921,-13.2564574058506,8,"2019","Pre-COVID Peak","Aug 2019","Phone Calls",6.68296660908124
"248","2019-08",-17.8308798098921,-13.2564574058506,8,"2019","Pre-COVID Peak","Aug 2019","Care Services",5.13856093603014
"249","2019-08",-17.8308798098921,-13.2564574058506,8,"2019","Pre-COVID Peak","Aug 2019","Consumer Purchasing",21.3310541173906
"250","2019-08",-17.8308798098921,-13.2564574058506,8,"2019","Pre-COVID Peak","Aug 2019","Religious/Spiritual Activities",6.09723362050115
"251","2019-08",-17.8308798098921,-13.2564574058506,8,"2019","Pre-COVID Peak","Aug 2019","Socializing and Leisure",268.134274916187
"252","2019-08",-17.8308798098921,-13.2564574058506,8,"2019","Pre-COVID Peak","Aug 2019","Sports and Exercise",29.2778287464617
"253","2019-08",-17.8308798098921,-13.2564574058506,8,"2019","Pre-COVID Peak","Aug 2019","Traveling",70.7112463996204
"254","2019-08",-17.8308798098921,-13.2564574058506,8,"2019","Pre-COVID Peak","Aug 2019","Volunteering",8.04320927624156
"255","2019-08",-17.8308798098921,-13.2564574058506,8,"2019","Pre-COVID Peak","Aug 2019","Work",194.940498109322
"256","2021-08",-27.1107916720892,-28.6519436940688,8,"2021","Post-COVID Peak","Aug 2021","Caring for Household",23.1436924712802
"257","2021-08",-27.1107916720892,-28.6519436940688,8,"2021","Post-COVID Peak","Aug 2021","Caring for Non-Household",12.2616091510773
"258","2021-08",-27.1107916720892,-28.6519436940688,8,"2021","Post-COVID Peak","Aug 2021","Education",9.17805855422782
"259","2021-08",-27.1107916720892,-28.6519436940688,8,"2021","Post-COVID Peak","Aug 2021","Eating and Drinking",67.2640717489572
"260","2021-08",-27.1107916720892,-28.6519436940688,8,"2021","Post-COVID Peak","Aug 2021","Civic Duties",0.00943219348644888
"261","2021-08",-27.1107916720892,-28.6519436940688,8,"2021","Post-COVID Peak","Aug 2021","Household Activities",120.219091917562
"262","2021-08",-27.1107916720892,-28.6519436940688,8,"2021","Post-COVID Peak","Aug 2021","Household Services",1.03721836002738
"263","2021-08",-27.1107916720892,-28.6519436940688,8,"2021","Post-COVID Peak","Aug 2021","Personal Care",577.56086933052
"264","2021-08",-27.1107916720892,-28.6519436940688,8,"2021","Post-COVID Peak","Aug 2021","Phone Calls",10.0380161471166
"265","2021-08",-27.1107916720892,-28.6519436940688,8,"2021","Post-COVID Peak","Aug 2021","Care Services",4.3266499494536
"266","2021-08",-27.1107916720892,-28.6519436940688,8,"2021","Post-COVID Peak","Aug 2021","Consumer Purchasing",18.507808731836
"267","2021-08",-27.1107916720892,-28.6519436940688,8,"2021","Post-COVID Peak","Aug 2021","Religious/Spiritual Activities",8.9203371524044
"268","2021-08",-27.1107916720892,-28.6519436940688,8,"2021","Post-COVID Peak","Aug 2021","Socializing and Leisure",281.753124305011
"269","2021-08",-27.1107916720892,-28.6519436940688,8,"2021","Post-COVID Peak","Aug 2021","Sports and Exercise",19.5952437941051
"270","2021-08",-27.1107916720892,-28.6519436940688,8,"2021","Post-COVID Peak","Aug 2021","Traveling",60.9629612527143
"271","2021-08",-27.1107916720892,-28.6519436940688,8,"2021","Post-COVID Peak","Aug 2021","Volunteering",5.88589892864625
"272","2021-08",-27.1107916720892,-28.6519436940688,8,"2021","Post-COVID Peak","Aug 2021","Work",209.029206875977
"273","2019-09",-35.4921022090334,7.77260315686592,9,"2019","Pre-COVID Peak","Sep 2019","Caring for Household",24.8222354056191
"274","2019-09",-35.4921022090334,7.77260315686592,9,"2019","Pre-COVID Peak","Sep 2019","Caring for Non-Household",8.62181029297451
"275","2019-09",-35.4921022090334,7.77260315686592,9,"2019","Pre-COVID Peak","Sep 2019","Education",23.7243003220681
"276","2019-09",-35.4921022090334,7.77260315686592,9,"2019","Pre-COVID Peak","Sep 2019","Eating and Drinking",63.0393741692852
"277","2019-09",-35.4921022090334,7.77260315686592,9,"2019","Pre-COVID Peak","Sep 2019","Civic Duties",0.051340365686734
"278","2019-09",-35.4921022090334,7.77260315686592,9,"2019","Pre-COVID Peak","Sep 2019","Household Activities",114.13617843928
"279","2019-09",-35.4921022090334,7.77260315686592,9,"2019","Pre-COVID Peak","Sep 2019","Household Services",0.571609305355931
"280","2019-09",-35.4921022090334,7.77260315686592,9,"2019","Pre-COVID Peak","Sep 2019","Personal Care",566.347151777708
"281","2019-09",-35.4921022090334,7.77260315686592,9,"2019","Pre-COVID Peak","Sep 2019","Phone Calls",6.72445887493081
"282","2019-09",-35.4921022090334,7.77260315686592,9,"2019","Pre-COVID Peak","Sep 2019","Care Services",5.21938094290712
"283","2019-09",-35.4921022090334,7.77260315686592,9,"2019","Pre-COVID Peak","Sep 2019","Consumer Purchasing",19.0042780990215
"284","2019-09",-35.4921022090334,7.77260315686592,9,"2019","Pre-COVID Peak","Sep 2019","Religious/Spiritual Activities",8.20321308080194
"285","2019-09",-35.4921022090334,7.77260315686592,9,"2019","Pre-COVID Peak","Sep 2019","Socializing and Leisure",279.899764986877
"286","2019-09",-35.4921022090334,7.77260315686592,9,"2019","Pre-COVID Peak","Sep 2019","Sports and Exercise",21.1809410575733
"287","2019-09",-35.4921022090334,7.77260315686592,9,"2019","Pre-COVID Peak","Sep 2019","Traveling",69.9092624999749
"288","2019-09",-35.4921022090334,7.77260315686592,9,"2019","Pre-COVID Peak","Sep 2019","Volunteering",6.74410190756983
"289","2019-09",-35.4921022090334,7.77260315686592,9,"2019","Pre-COVID Peak","Sep 2019","Work",211.383278204113
"290","2021-09",-22.8945953475126,26.9046776347013,9,"2021","Post-COVID Peak","Sep 2021","Caring for Household",22.6705481240778
"291","2021-09",-22.8945953475126,26.9046776347013,9,"2021","Post-COVID Peak","Sep 2021","Caring for Non-Household",8.36275448020059
"292","2021-09",-22.8945953475126,26.9046776347013,9,"2021","Post-COVID Peak","Sep 2021","Education",33.896931765203
"293","2021-09",-22.8945953475126,26.9046776347013,9,"2021","Post-COVID Peak","Sep 2021","Eating and Drinking",63.9506801397306
"294","2021-09",-22.8945953475126,26.9046776347013,9,"2021","Post-COVID Peak","Sep 2021","Civic Duties",0.145319800989165
"295","2021-09",-22.8945953475126,26.9046776347013,9,"2021","Post-COVID Peak","Sep 2021","Household Activities",111.124701640646
"296","2021-09",-22.8945953475126,26.9046776347013,9,"2021","Post-COVID Peak","Sep 2021","Household Services",0.892533689981357
"297","2021-09",-22.8945953475126,26.9046776347013,9,"2021","Post-COVID Peak","Sep 2021","Personal Care",574.067594129849
"298","2021-09",-22.8945953475126,26.9046776347013,9,"2021","Post-COVID Peak","Sep 2021","Phone Calls",9.70687743887583
"299","2021-09",-22.8945953475126,26.9046776347013,9,"2021","Post-COVID Peak","Sep 2021","Care Services",4.85411686619324
"300","2021-09",-22.8945953475126,26.9046776347013,9,"2021","Post-COVID Peak","Sep 2021","Consumer Purchasing",21.5406918810422
"301","2021-09",-22.8945953475126,26.9046776347013,9,"2021","Post-COVID Peak","Sep 2021","Religious/Spiritual Activities",7.95710827462351
"302","2021-09",-22.8945953475126,26.9046776347013,9,"2021","Post-COVID Peak","Sep 2021","Socializing and Leisure",269.361167448689
"303","2021-09",-22.8945953475126,26.9046776347013,9,"2021","Post-COVID Peak","Sep 2021","Sports and Exercise",23.2364769405734
"304","2021-09",-22.8945953475126,26.9046776347013,9,"2021","Post-COVID Peak","Sep 2021","Traveling",72.1502813237799
"305","2021-09",-22.8945953475126,26.9046776347013,9,"2021","Post-COVID Peak","Sep 2021","Volunteering",5.2215837531834
"306","2021-09",-22.8945953475126,26.9046776347013,9,"2021","Post-COVID Peak","Sep 2021","Work",199.649823196121
"307","2019-10",-48.4309193357045,38.0269237945712,10,"2019","Pre-COVID Peak","Oct 2019","Caring for Household",29.859528169697
"308","2019-10",-48.4309193357045,38.0269237945712,10,"2019","Pre-COVID Peak","Oct 2019","Caring for Non-Household",4.6427165393775
"309","2019-10",-48.4309193357045,38.0269237945712,10,"2019","Pre-COVID Peak","Oct 2019","Education",34.9294336683901
"310","2019-10",-48.4309193357045,38.0269237945712,10,"2019","Pre-COVID Peak","Oct 2019","Eating and Drinking",63.8981486559817
"311","2019-10",-48.4309193357045,38.0269237945712,10,"2019","Pre-COVID Peak","Oct 2019","Civic Duties",0.190351096909102
"312","2019-10",-48.4309193357045,38.0269237945712,10,"2019","Pre-COVID Peak","Oct 2019","Household Activities",102.854861218847
"313","2019-10",-48.4309193357045,38.0269237945712,10,"2019","Pre-COVID Peak","Oct 2019","Household Services",0.739488601998857
"314","2019-10",-48.4309193357045,38.0269237945712,10,"2019","Pre-COVID Peak","Oct 2019","Personal Care",571.531432501687
"315","2019-10",-48.4309193357045,38.0269237945712,10,"2019","Pre-COVID Peak","Oct 2019","Phone Calls",7.77852480216689
"316","2019-10",-48.4309193357045,38.0269237945712,10,"2019","Pre-COVID Peak","Oct 2019","Care Services",5.12550362563297
"317","2019-10",-48.4309193357045,38.0269237945712,10,"2019","Pre-COVID Peak","Oct 2019","Consumer Purchasing",17.1794868723621
"318","2019-10",-48.4309193357045,38.0269237945712,10,"2019","Pre-COVID Peak","Oct 2019","Religious/Spiritual Activities",5.83843387595601
"319","2019-10",-48.4309193357045,38.0269237945712,10,"2019","Pre-COVID Peak","Oct 2019","Socializing and Leisure",264.776715101422
"320","2019-10",-48.4309193357045,38.0269237945712,10,"2019","Pre-COVID Peak","Oct 2019","Sports and Exercise",23.4994159834664
"321","2019-10",-48.4309193357045,38.0269237945712,10,"2019","Pre-COVID Peak","Oct 2019","Traveling",72.896458484212
"322","2019-10",-48.4309193357045,38.0269237945712,10,"2019","Pre-COVID Peak","Oct 2019","Volunteering",6.69126420159082
"323","2019-10",-48.4309193357045,38.0269237945712,10,"2019","Pre-COVID Peak","Oct 2019","Work",212.538240307992
"324","2021-10",-11.165639760583,23.5759861151443,10,"2021","Post-COVID Peak","Oct 2021","Caring for Household",27.7691849286328
"325","2021-10",-11.165639760583,23.5759861151443,10,"2021","Post-COVID Peak","Oct 2021","Caring for Non-Household",8.73879270136899
"326","2021-10",-11.165639760583,23.5759861151443,10,"2021","Post-COVID Peak","Oct 2021","Education",36.3348001229454
"327","2021-10",-11.165639760583,23.5759861151443,10,"2021","Post-COVID Peak","Oct 2021","Eating and Drinking",64.0013140762822
"328","2021-10",-11.165639760583,23.5759861151443,10,"2021","Post-COVID Peak","Oct 2021","Civic Duties",0.138013829941026
"329","2021-10",-11.165639760583,23.5759861151443,10,"2021","Post-COVID Peak","Oct 2021","Household Activities",116.874586172245
"330","2021-10",-11.165639760583,23.5759861151443,10,"2021","Post-COVID Peak","Oct 2021","Household Services",0.599190238116772
"331","2021-10",-11.165639760583,23.5759861151443,10,"2021","Post-COVID Peak","Oct 2021","Personal Care",572.250307410934
"332","2021-10",-11.165639760583,23.5759861151443,10,"2021","Post-COVID Peak","Oct 2021","Phone Calls",7.52363391345694
"333","2021-10",-11.165639760583,23.5759861151443,10,"2021","Post-COVID Peak","Oct 2021","Care Services",4.94919937707462
"334","2021-10",-11.165639760583,23.5759861151443,10,"2021","Post-COVID Peak","Oct 2021","Consumer Purchasing",19.4093677334027
"335","2021-10",-11.165639760583,23.5759861151443,10,"2021","Post-COVID Peak","Oct 2021","Religious/Spiritual Activities",9.52438027157285
"336","2021-10",-11.165639760583,23.5759861151443,10,"2021","Post-COVID Peak","Oct 2021","Socializing and Leisure",275.894358048677
"337","2021-10",-11.165639760583,23.5759861151443,10,"2021","Post-COVID Peak","Oct 2021","Sports and Exercise",13.8388955131086
"338","2021-10",-11.165639760583,23.5759861151443,10,"2021","Post-COVID Peak","Oct 2021","Traveling",66.6646305070212
"339","2021-10",-11.165639760583,23.5759861151443,10,"2021","Post-COVID Peak","Oct 2021","Volunteering",5.41412003615581
"340","2021-10",-11.165639760583,23.5759861151443,10,"2021","Post-COVID Peak","Oct 2021","Work",201.226118778532
"341","2019-11",-2.28542142816044,8.61405293956101,11,"2019","Pre-COVID Peak","Nov 2019","Caring for Household",26.3830266900735
"342","2019-11",-2.28542142816044,8.61405293956101,11,"2019","Pre-COVID Peak","Nov 2019","Caring for Non-Household",9.64854207571643
"343","2019-11",-2.28542142816044,8.61405293956101,11,"2019","Pre-COVID Peak","Nov 2019","Education",31.5556474427426
"344","2019-11",-2.28542142816044,8.61405293956101,11,"2019","Pre-COVID Peak","Nov 2019","Eating and Drinking",64.0614078042375
"345","2019-11",-2.28542142816044,8.61405293956101,11,"2019","Pre-COVID Peak","Nov 2019","Civic Duties",0.373077188939231
"346","2019-11",-2.28542142816044,8.61405293956101,11,"2019","Pre-COVID Peak","Nov 2019","Household Activities",109.833037335376
"347","2019-11",-2.28542142816044,8.61405293956101,11,"2019","Pre-COVID Peak","Nov 2019","Household Services",0.916423913229401
"348","2019-11",-2.28542142816044,8.61405293956101,11,"2019","Pre-COVID Peak","Nov 2019","Personal Care",574.754518157773
"349","2019-11",-2.28542142816044,8.61405293956101,11,"2019","Pre-COVID Peak","Nov 2019","Phone Calls",5.48488830659159
"350","2019-11",-2.28542142816044,8.61405293956101,11,"2019","Pre-COVID Peak","Nov 2019","Care Services",5.00246445689591
"351","2019-11",-2.28542142816044,8.61405293956101,11,"2019","Pre-COVID Peak","Nov 2019","Consumer Purchasing",22.750117971191
"352","2019-11",-2.28542142816044,8.61405293956101,11,"2019","Pre-COVID Peak","Nov 2019","Religious/Spiritual Activities",8.99930160697609
"353","2019-11",-2.28542142816044,8.61405293956101,11,"2019","Pre-COVID Peak","Nov 2019","Socializing and Leisure",283.028684205357
"354","2019-11",-2.28542142816044,8.61405293956101,11,"2019","Pre-COVID Peak","Nov 2019","Sports and Exercise",18.5892868038123
"355","2019-11",-2.28542142816044,8.61405293956101,11,"2019","Pre-COVID Peak","Nov 2019","Traveling",71.3752298638511
"356","2019-11",-2.28542142816044,8.61405293956101,11,"2019","Pre-COVID Peak","Nov 2019","Volunteering",6.98794729761229
"357","2019-11",-2.28542142816044,8.61405293956101,11,"2019","Pre-COVID Peak","Nov 2019","Work",184.315654013325
"358","2021-11",-28.5643918072612,66.742597175659,11,"2021","Post-COVID Peak","Nov 2021","Caring for Household",22.0860275720296
"359","2021-11",-28.5643918072612,66.742597175659,11,"2021","Post-COVID Peak","Nov 2021","Caring for Non-Household",7.92744692132905
"360","2021-11",-28.5643918072612,66.742597175659,11,"2021","Post-COVID Peak","Nov 2021","Education",30.4651056150379
"361","2021-11",-28.5643918072612,66.742597175659,11,"2021","Post-COVID Peak","Nov 2021","Eating and Drinking",68.4559647835693
"362","2021-11",-28.5643918072612,66.742597175659,11,"2021","Post-COVID Peak","Nov 2021","Civic Duties",0
"363","2021-11",-28.5643918072612,66.742597175659,11,"2021","Post-COVID Peak","Nov 2021","Household Activities",122.1480173464
"364","2021-11",-28.5643918072612,66.742597175659,11,"2021","Post-COVID Peak","Nov 2021","Household Services",2.12317828148689
"365","2021-11",-28.5643918072612,66.742597175659,11,"2021","Post-COVID Peak","Nov 2021","Personal Care",582.967013893089
"366","2021-11",-28.5643918072612,66.742597175659,11,"2021","Post-COVID Peak","Nov 2021","Phone Calls",7.57142935528979
"367","2021-11",-28.5643918072612,66.742597175659,11,"2021","Post-COVID Peak","Nov 2021","Care Services",6.49985663157413
"368","2021-11",-28.5643918072612,66.742597175659,11,"2021","Post-COVID Peak","Nov 2021","Consumer Purchasing",25.163230177552
"369","2021-11",-28.5643918072612,66.742597175659,11,"2021","Post-COVID Peak","Nov 2021","Religious/Spiritual Activities",5.88277943546878
"370","2021-11",-28.5643918072612,66.742597175659,11,"2021","Post-COVID Peak","Nov 2021","Socializing and Leisure",272.983481771852
"371","2021-11",-28.5643918072612,66.742597175659,11,"2021","Post-COVID Peak","Nov 2021","Sports and Exercise",15.4233405611184
"372","2021-11",-28.5643918072612,66.742597175659,11,"2021","Post-COVID Peak","Nov 2021","Traveling",60.2994442144228
"373","2021-11",-28.5643918072612,66.742597175659,11,"2021","Post-COVID Peak","Nov 2021","Volunteering",6.23750453835203
"374","2021-11",-28.5643918072612,66.742597175659,11,"2021","Post-COVID Peak","Nov 2021","Work",194.625939463062
"375","2019-12",-30.7473507573341,38.387741139607,12,"2019","Pre-COVID Peak","Dec 2019","Caring for Household",23.3537140648383
"376","2019-12",-30.7473507573341,38.387741139607,12,"2019","Pre-COVID Peak","Dec 2019","Caring for Non-Household",6.53821739029679
"377","2019-12",-30.7473507573341,38.387741139607,12,"2019","Pre-COVID Peak","Dec 2019","Education",32.4523271659857
"378","2019-12",-30.7473507573341,38.387741139607,12,"2019","Pre-COVID Peak","Dec 2019","Eating and Drinking",62.1456033388305
"379","2019-12",-30.7473507573341,38.387741139607,12,"2019","Pre-COVID Peak","Dec 2019","Civic Duties",0.0458504704810777
"380","2019-12",-30.7473507573341,38.387741139607,12,"2019","Pre-COVID Peak","Dec 2019","Household Activities",109.827521023405
"381","2019-12",-30.7473507573341,38.387741139607,12,"2019","Pre-COVID Peak","Dec 2019","Household Services",1.17563248218259
"382","2019-12",-30.7473507573341,38.387741139607,12,"2019","Pre-COVID Peak","Dec 2019","Personal Care",575.915365294208
"383","2019-12",-30.7473507573341,38.387741139607,12,"2019","Pre-COVID Peak","Dec 2019","Phone Calls",5.55985961863691
"384","2019-12",-30.7473507573341,38.387741139607,12,"2019","Pre-COVID Peak","Dec 2019","Care Services",5.97384960199815
"385","2019-12",-30.7473507573341,38.387741139607,12,"2019","Pre-COVID Peak","Dec 2019","Consumer Purchasing",26.4483729943428
"386","2019-12",-30.7473507573341,38.387741139607,12,"2019","Pre-COVID Peak","Dec 2019","Religious/Spiritual Activities",8.48879826830706
"387","2019-12",-30.7473507573341,38.387741139607,12,"2019","Pre-COVID Peak","Dec 2019","Socializing and Leisure",263.747126047191
"388","2019-12",-30.7473507573341,38.387741139607,12,"2019","Pre-COVID Peak","Dec 2019","Sports and Exercise",13.4704201798111
"389","2019-12",-30.7473507573341,38.387741139607,12,"2019","Pre-COVID Peak","Dec 2019","Traveling",69.0653613767101
"390","2019-12",-30.7473507573341,38.387741139607,12,"2019","Pre-COVID Peak","Dec 2019","Volunteering",8.33044003570693
"391","2019-12",-30.7473507573341,38.387741139607,12,"2019","Pre-COVID Peak","Dec 2019","Work",207.182344626042
"392","2021-12",-28.6938501223777,51.8932199487231,12,"2021","Post-COVID Peak","Dec 2021","Caring for Household",27.1465305496516
"393","2021-12",-28.6938501223777,51.8932199487231,12,"2021","Post-COVID Peak","Dec 2021","Caring for Non-Household",5.55659054929721
"394","2021-12",-28.6938501223777,51.8932199487231,12,"2021","Post-COVID Peak","Dec 2021","Education",32.3541669302926
"395","2021-12",-28.6938501223777,51.8932199487231,12,"2021","Post-COVID Peak","Dec 2021","Eating and Drinking",68.7612223038029
"396","2021-12",-28.6938501223777,51.8932199487231,12,"2021","Post-COVID Peak","Dec 2021","Civic Duties",0.0926107900757014
"397","2021-12",-28.6938501223777,51.8932199487231,12,"2021","Post-COVID Peak","Dec 2021","Household Activities",110.716822280781
"398","2021-12",-28.6938501223777,51.8932199487231,12,"2021","Post-COVID Peak","Dec 2021","Household Services",0.924706637662691
"399","2021-12",-28.6938501223777,51.8932199487231,12,"2021","Post-COVID Peak","Dec 2021","Personal Care",587.430309210633
"400","2021-12",-28.6938501223777,51.8932199487231,12,"2021","Post-COVID Peak","Dec 2021","Phone Calls",10.4070824851929
"401","2021-12",-28.6938501223777,51.8932199487231,12,"2021","Post-COVID Peak","Dec 2021","Care Services",6.43174371695487
"402","2021-12",-28.6938501223777,51.8932199487231,12,"2021","Post-COVID Peak","Dec 2021","Consumer Purchasing",21.7898112367995
"403","2021-12",-28.6938501223777,51.8932199487231,12,"2021","Post-COVID Peak","Dec 2021","Religious/Spiritual Activities",5.76590834807898
"404","2021-12",-28.6938501223777,51.8932199487231,12,"2021","Post-COVID Peak","Dec 2021","Socializing and Leisure",264.184738610027
"405","2021-12",-28.6938501223777,51.8932199487231,12,"2021","Post-COVID Peak","Dec 2021","Sports and Exercise",13.7198209893077
"406","2021-12",-28.6938501223777,51.8932199487231,12,"2021","Post-COVID Peak","Dec 2021","Traveling",63.3227655005318
"407","2021-12",-28.6938501223777,51.8932199487231,12,"2021","Post-COVID Peak","Dec 2021","Volunteering",6.24846563466063
"408","2021-12",-28.6938501223777,51.8932199487231,12,"2021","Post-COVID Peak","Dec 2021","Work",205.493120673448
"409","2020-01",33.6205074782206,55.052045687929,1,"2020","Pre-COVID Peak","Jan 2020","Caring for Household",24.2457689468578
"410","2020-01",33.6205074782206,55.052045687929,1,"2020","Pre-COVID Peak","Jan 2020","Caring for Non-Household",6.19938709927867
"411","2020-01",33.6205074782206,55.052045687929,1,"2020","Pre-COVID Peak","Jan 2020","Education",17.891717044153
"412","2020-01",33.6205074782206,55.052045687929,1,"2020","Pre-COVID Peak","Jan 2020","Eating and Drinking",57.2722828614549
"413","2020-01",33.6205074782206,55.052045687929,1,"2020","Pre-COVID Peak","Jan 2020","Civic Duties",0.308151945380486
"414","2020-01",33.6205074782206,55.052045687929,1,"2020","Pre-COVID Peak","Jan 2020","Household Activities",98.3050216058996
"415","2020-01",33.6205074782206,55.052045687929,1,"2020","Pre-COVID Peak","Jan 2020","Household Services",1.0532189558391
"416","2020-01",33.6205074782206,55.052045687929,1,"2020","Pre-COVID Peak","Jan 2020","Personal Care",589.293978021765
"417","2020-01",33.6205074782206,55.052045687929,1,"2020","Pre-COVID Peak","Jan 2020","Phone Calls",4.48939970467607
"418","2020-01",33.6205074782206,55.052045687929,1,"2020","Pre-COVID Peak","Jan 2020","Care Services",8.98908329445473
"419","2020-01",33.6205074782206,55.052045687929,1,"2020","Pre-COVID Peak","Jan 2020","Consumer Purchasing",16.119600618039
"420","2020-01",33.6205074782206,55.052045687929,1,"2020","Pre-COVID Peak","Jan 2020","Religious/Spiritual Activities",9.25349562642286
"421","2020-01",33.6205074782206,55.052045687929,1,"2020","Pre-COVID Peak","Jan 2020","Socializing and Leisure",291.11479957116
"422","2020-01",33.6205074782206,55.052045687929,1,"2020","Pre-COVID Peak","Jan 2020","Sports and Exercise",15.462409065865
"423","2020-01",33.6205074782206,55.052045687929,1,"2020","Pre-COVID Peak","Jan 2020","Traveling",60.1116344187155
"424","2020-01",33.6205074782206,55.052045687929,1,"2020","Pre-COVID Peak","Jan 2020","Volunteering",6.75443441174314
"425","2020-01",33.6205074782206,55.052045687929,1,"2020","Pre-COVID Peak","Jan 2020","Work",216.497701413284
"426","2020-02",-6.6100307560387,59.87543421748,2,"2020","Pre-COVID Peak","Feb 2020","Caring for Household",30.566250392751
"427","2020-02",-6.6100307560387,59.87543421748,2,"2020","Pre-COVID Peak","Feb 2020","Caring for Non-Household",6.79344017420635
"428","2020-02",-6.6100307560387,59.87543421748,2,"2020","Pre-COVID Peak","Feb 2020","Education",39.8374777783875
"429","2020-02",-6.6100307560387,59.87543421748,2,"2020","Pre-COVID Peak","Feb 2020","Eating and Drinking",61.1350418126107
"430","2020-02",-6.6100307560387,59.87543421748,2,"2020","Pre-COVID Peak","Feb 2020","Civic Duties",0.0630729176148129
"431","2020-02",-6.6100307560387,59.87543421748,2,"2020","Pre-COVID Peak","Feb 2020","Household Activities",100.145967140171
"432","2020-02",-6.6100307560387,59.87543421748,2,"2020","Pre-COVID Peak","Feb 2020","Household Services",0.217942840999463
"433","2020-02",-6.6100307560387,59.87543421748,2,"2020","Pre-COVID Peak","Feb 2020","Personal Care",581.654722368456
"434","2020-02",-6.6100307560387,59.87543421748,2,"2020","Pre-COVID Peak","Feb 2020","Phone Calls",5.52829462405249
"435","2020-02",-6.6100307560387,59.87543421748,2,"2020","Pre-COVID Peak","Feb 2020","Care Services",7.60120869234679
"436","2020-02",-6.6100307560387,59.87543421748,2,"2020","Pre-COVID Peak","Feb 2020","Consumer Purchasing",21.9395818013602
"437","2020-02",-6.6100307560387,59.87543421748,2,"2020","Pre-COVID Peak","Feb 2020","Religious/Spiritual Activities",6.16365845498307
"438","2020-02",-6.6100307560387,59.87543421748,2,"2020","Pre-COVID Peak","Feb 2020","Socializing and Leisure",272.88977802713
"439","2020-02",-6.6100307560387,59.87543421748,2,"2020","Pre-COVID Peak","Feb 2020","Sports and Exercise",15.0392412832074
"440","2020-02",-6.6100307560387,59.87543421748,2,"2020","Pre-COVID Peak","Feb 2020","Traveling",70.7348484586115
"441","2020-02",-6.6100307560387,59.87543421748,2,"2020","Pre-COVID Peak","Feb 2020","Volunteering",6.29248866466954
"442","2020-02",-6.6100307560387,59.87543421748,2,"2020","Pre-COVID Peak","Feb 2020","Work",199.623439729884
"443","2020-03",14.4495947883808,17.4924355482956,3,"2020","COVID Peak","Mar 2020","Caring for Household",23.8725766058208
"444","2020-03",14.4495947883808,17.4924355482956,3,"2020","COVID Peak","Mar 2020","Caring for Non-Household",4.23076463050868
"445","2020-03",14.4495947883808,17.4924355482956,3,"2020","COVID Peak","Mar 2020","Education",42.0741586187045
"446","2020-03",14.4495947883808,17.4924355482956,3,"2020","COVID Peak","Mar 2020","Eating and Drinking",65.2648597896581
"447","2020-03",14.4495947883808,17.4924355482956,3,"2020","COVID Peak","Mar 2020","Civic Duties",0.360679692216809
"448","2020-03",14.4495947883808,17.4924355482956,3,"2020","COVID Peak","Mar 2020","Household Activities",112.495095874284
"449","2020-03",14.4495947883808,17.4924355482956,3,"2020","COVID Peak","Mar 2020","Household Services",0.258652249280925
"450","2020-03",14.4495947883808,17.4924355482956,3,"2020","COVID Peak","Mar 2020","Personal Care",576.481810512474
"451","2020-03",14.4495947883808,17.4924355482956,3,"2020","COVID Peak","Mar 2020","Phone Calls",6.98390674699197
"452","2020-03",14.4495947883808,17.4924355482956,3,"2020","COVID Peak","Mar 2020","Care Services",4.03067432406765
"453","2020-03",14.4495947883808,17.4924355482956,3,"2020","COVID Peak","Mar 2020","Consumer Purchasing",20.8377356596316
"454","2020-03",14.4495947883808,17.4924355482956,3,"2020","COVID Peak","Mar 2020","Religious/Spiritual Activities",6.2326121897128
"455","2020-03",14.4495947883808,17.4924355482956,3,"2020","COVID Peak","Mar 2020","Socializing and Leisure",284.290859572213
"456","2020-03",14.4495947883808,17.4924355482956,3,"2020","COVID Peak","Mar 2020","Sports and Exercise",21.6394183938754
"457","2020-03",14.4495947883808,17.4924355482956,3,"2020","COVID Peak","Mar 2020","Traveling",57.7337779738432
"458","2020-03",14.4495947883808,17.4924355482956,3,"2020","COVID Peak","Mar 2020","Volunteering",8.24536483466607
"459","2020-03",14.4495947883808,17.4924355482956,3,"2020","COVID Peak","Mar 2020","Work",195.692611688895
"460","2020-05",38.7667348364924,-68.3426210326933,5,"2020","COVID Peak","May 2020","Caring for Household",26.8781541713205
"461","2020-05",38.7667348364924,-68.3426210326933,5,"2020","COVID Peak","May 2020","Caring for Non-Household",5.67803830151373
"462","2020-05",38.7667348364924,-68.3426210326933,5,"2020","COVID Peak","May 2020","Education",14.8780623273986
"463","2020-05",38.7667348364924,-68.3426210326933,5,"2020","COVID Peak","May 2020","Eating and Drinking",65.1653387840793
"464","2020-05",38.7667348364924,-68.3426210326933,5,"2020","COVID Peak","May 2020","Civic Duties",0.132057494711371
"465","2020-05",38.7667348364924,-68.3426210326933,5,"2020","COVID Peak","May 2020","Household Activities",131.70049023783
"466","2020-05",38.7667348364924,-68.3426210326933,5,"2020","COVID Peak","May 2020","Household Services",0.426422643919783
"467","2020-05",38.7667348364924,-68.3426210326933,5,"2020","COVID Peak","May 2020","Personal Care",580.158331802206
"468","2020-05",38.7667348364924,-68.3426210326933,5,"2020","COVID Peak","May 2020","Phone Calls",9.08539347490832
"469","2020-05",38.7667348364924,-68.3426210326933,5,"2020","COVID Peak","May 2020","Care Services",1.89928615365424
"470","2020-05",38.7667348364924,-68.3426210326933,5,"2020","COVID Peak","May 2020","Consumer Purchasing",14.8527968899115
"471","2020-05",38.7667348364924,-68.3426210326933,5,"2020","COVID Peak","May 2020","Religious/Spiritual Activities",6.66432689239831
"472","2020-05",38.7667348364924,-68.3426210326933,5,"2020","COVID Peak","May 2020","Socializing and Leisure",334.723611256363
"473","2020-05",38.7667348364924,-68.3426210326933,5,"2020","COVID Peak","May 2020","Sports and Exercise",19.3577947608129
"474","2020-05",38.7667348364924,-68.3426210326933,5,"2020","COVID Peak","May 2020","Traveling",31.5302804336643
"475","2020-05",38.7667348364924,-68.3426210326933,5,"2020","COVID Peak","May 2020","Volunteering",2.6814586454589
"476","2020-05",38.7667348364924,-68.3426210326933,5,"2020","COVID Peak","May 2020","Work",183.023468602505
"477","2020-06",23.6072880826218,-69.112354042963,6,"2020","COVID Peak","Jun 2020","Caring for Household",23.0101545333607
"478","2020-06",23.6072880826218,-69.112354042963,6,"2020","COVID Peak","Jun 2020","Caring for Non-Household",6.5732087771045
"479","2020-06",23.6072880826218,-69.112354042963,6,"2020","COVID Peak","Jun 2020","Education",10.5377612102466
"480","2020-06",23.6072880826218,-69.112354042963,6,"2020","COVID Peak","Jun 2020","Eating and Drinking",66.1371639519466
"481","2020-06",23.6072880826218,-69.112354042963,6,"2020","COVID Peak","Jun 2020","Civic Duties",0.136687804049646
"482","2020-06",23.6072880826218,-69.112354042963,6,"2020","COVID Peak","Jun 2020","Household Activities",127.929065468422
"483","2020-06",23.6072880826218,-69.112354042963,6,"2020","COVID Peak","Jun 2020","Household Services",1.86862305275355
"484","2020-06",23.6072880826218,-69.112354042963,6,"2020","COVID Peak","Jun 2020","Personal Care",583.019998747253
"485","2020-06",23.6072880826218,-69.112354042963,6,"2020","COVID Peak","Jun 2020","Phone Calls",9.81788553918839
"486","2020-06",23.6072880826218,-69.112354042963,6,"2020","COVID Peak","Jun 2020","Care Services",5.81833963359499
"487","2020-06",23.6072880826218,-69.112354042963,6,"2020","COVID Peak","Jun 2020","Consumer Purchasing",14.3790611187353
"488","2020-06",23.6072880826218,-69.112354042963,6,"2020","COVID Peak","Jun 2020","Religious/Spiritual Activities",6.16206346921706
"489","2020-06",23.6072880826218,-69.112354042963,6,"2020","COVID Peak","Jun 2020","Socializing and Leisure",318.228295384555
"490","2020-06",23.6072880826218,-69.112354042963,6,"2020","COVID Peak","Jun 2020","Sports and Exercise",28.8213999739079
"491","2020-06",23.6072880826218,-69.112354042963,6,"2020","COVID Peak","Jun 2020","Traveling",43.3027281387688
"492","2020-06",23.6072880826218,-69.112354042963,6,"2020","COVID Peak","Jun 2020","Volunteering",4.14427935871316
"493","2020-06",23.6072880826218,-69.112354042963,6,"2020","COVID Peak","Jun 2020","Work",176.650922438604
"494","2020-07",-6.19252753787955,-53.8856052953546,7,"2020","COVID Peak","Jul 2020","Caring for Household",21.1322225880615
"495","2020-07",-6.19252753787955,-53.8856052953546,7,"2020","COVID Peak","Jul 2020","Caring for Non-Household",6.49562380369924
"496","2020-07",-6.19252753787955,-53.8856052953546,7,"2020","COVID Peak","Jul 2020","Education",5.24110146633883
"497","2020-07",-6.19252753787955,-53.8856052953546,7,"2020","COVID Peak","Jul 2020","Eating and Drinking",66.0164170102866
"498","2020-07",-6.19252753787955,-53.8856052953546,7,"2020","COVID Peak","Jul 2020","Civic Duties",0.121975351965495
"499","2020-07",-6.19252753787955,-53.8856052953546,7,"2020","COVID Peak","Jul 2020","Household Activities",128.101418612492
"500","2020-07",-6.19252753787955,-53.8856052953546,7,"2020","COVID Peak","Jul 2020","Household Services",1.22652895564736
"501","2020-07",-6.19252753787955,-53.8856052953546,7,"2020","COVID Peak","Jul 2020","Personal Care",572.902784157
"502","2020-07",-6.19252753787955,-53.8856052953546,7,"2020","COVID Peak","Jul 2020","Phone Calls",11.2745757301789
"503","2020-07",-6.19252753787955,-53.8856052953546,7,"2020","COVID Peak","Jul 2020","Care Services",5.23991670335487
"504","2020-07",-6.19252753787955,-53.8856052953546,7,"2020","COVID Peak","Jul 2020","Consumer Purchasing",16.3408825427228
"505","2020-07",-6.19252753787955,-53.8856052953546,7,"2020","COVID Peak","Jul 2020","Religious/Spiritual Activities",4.77042599464896
"506","2020-07",-6.19252753787955,-53.8856052953546,7,"2020","COVID Peak","Jul 2020","Socializing and Leisure",303.179546103265
"507","2020-07",-6.19252753787955,-53.8856052953546,7,"2020","COVID Peak","Jul 2020","Sports and Exercise",26.8367144988721
"508","2020-07",-6.19252753787955,-53.8856052953546,7,"2020","COVID Peak","Jul 2020","Traveling",54.613508923527
"509","2020-07",-6.19252753787955,-53.8856052953546,7,"2020","COVID Peak","Jul 2020","Volunteering",5.09479676483223
"510","2020-07",-6.19252753787955,-53.8856052953546,7,"2020","COVID Peak","Jul 2020","Work",199.168236353912
"511","2020-08",24.2481341138652,-57.1833489275219,8,"2020","COVID Peak","Aug 2020","Caring for Household",21.0640774448802
"512","2020-08",24.2481341138652,-57.1833489275219,8,"2020","COVID Peak","Aug 2020","Caring for Non-Household",11.0192033154906
"513","2020-08",24.2481341138652,-57.1833489275219,8,"2020","COVID Peak","Aug 2020","Education",8.04016064834499
"514","2020-08",24.2481341138652,-57.1833489275219,8,"2020","COVID Peak","Aug 2020","Eating and Drinking",66.8434335640421
"515","2020-08",24.2481341138652,-57.1833489275219,8,"2020","COVID Peak","Aug 2020","Civic Duties",0.166982646683695
"516","2020-08",24.2481341138652,-57.1833489275219,8,"2020","COVID Peak","Aug 2020","Household Activities",126.891131008354
"517","2020-08",24.2481341138652,-57.1833489275219,8,"2020","COVID Peak","Aug 2020","Household Services",0.690404078518351
"518","2020-08",24.2481341138652,-57.1833489275219,8,"2020","COVID Peak","Aug 2020","Personal Care",582.04274355506
"519","2020-08",24.2481341138652,-57.1833489275219,8,"2020","COVID Peak","Aug 2020","Phone Calls",7.92447658209505
"520","2020-08",24.2481341138652,-57.1833489275219,8,"2020","COVID Peak","Aug 2020","Care Services",4.27756388159716
"521","2020-08",24.2481341138652,-57.1833489275219,8,"2020","COVID Peak","Aug 2020","Consumer Purchasing",15.6193916587786
"522","2020-08",24.2481341138652,-57.1833489275219,8,"2020","COVID Peak","Aug 2020","Religious/Spiritual Activities",5.81540173077201
"523","2020-08",24.2481341138652,-57.1833489275219,8,"2020","COVID Peak","Aug 2020","Socializing and Leisure",323.12426744945
"524","2020-08",24.2481341138652,-57.1833489275219,8,"2020","COVID Peak","Aug 2020","Sports and Exercise",29.5978677589015
"525","2020-08",24.2481341138652,-57.1833489275219,8,"2020","COVID Peak","Aug 2020","Traveling",49.6341615344593
"526","2020-08",24.2481341138652,-57.1833489275219,8,"2020","COVID Peak","Aug 2020","Volunteering",5.16824521450543
"527","2020-08",24.2481341138652,-57.1833489275219,8,"2020","COVID Peak","Aug 2020","Work",173.053652956623
"528","2020-09",28.2070631009524,9.80851122822783,9,"2020","COVID Peak","Sep 2020","Caring for Household",34.3602790299245
"529","2020-09",28.2070631009524,9.80851122822783,9,"2020","COVID Peak","Sep 2020","Caring for Non-Household",10.9055808983929
"530","2020-09",28.2070631009524,9.80851122822783,9,"2020","COVID Peak","Sep 2020","Education",34.5617426010684
"531","2020-09",28.2070631009524,9.80851122822783,9,"2020","COVID Peak","Sep 2020","Eating and Drinking",62.5903918145237
"532","2020-09",28.2070631009524,9.80851122822783,9,"2020","COVID Peak","Sep 2020","Civic Duties",0.138774558487894
"533","2020-09",28.2070631009524,9.80851122822783,9,"2020","COVID Peak","Sep 2020","Household Activities",111.840996992573
"534","2020-09",28.2070631009524,9.80851122822783,9,"2020","COVID Peak","Sep 2020","Household Services",0.528767491617102
"535","2020-09",28.2070631009524,9.80851122822783,9,"2020","COVID Peak","Sep 2020","Personal Care",579.859945709337
"536","2020-09",28.2070631009524,9.80851122822783,9,"2020","COVID Peak","Sep 2020","Phone Calls",7.95622721811995
"537","2020-09",28.2070631009524,9.80851122822783,9,"2020","COVID Peak","Sep 2020","Care Services",4.89348905709373
"538","2020-09",28.2070631009524,9.80851122822783,9,"2020","COVID Peak","Sep 2020","Consumer Purchasing",17.794624946086
"539","2020-09",28.2070631009524,9.80851122822783,9,"2020","COVID Peak","Sep 2020","Religious/Spiritual Activities",5.03345541097082
"540","2020-09",28.2070631009524,9.80851122822783,9,"2020","COVID Peak","Sep 2020","Socializing and Leisure",276.165620932888
"541","2020-09",28.2070631009524,9.80851122822783,9,"2020","COVID Peak","Sep 2020","Sports and Exercise",21.3899533275133
"542","2020-09",28.2070631009524,9.80851122822783,9,"2020","COVID Peak","Sep 2020","Traveling",53.0283494849336
"543","2020-09",28.2070631009524,9.80851122822783,9,"2020","COVID Peak","Sep 2020","Volunteering",5.76273657251728
"544","2020-09",28.2070631009524,9.80851122822783,9,"2020","COVID Peak","Sep 2020","Work",200.886092723328
"545","2020-10",41.978036691874,-30.475810301213,10,"2020","COVID Peak","Oct 2020","Caring for Household",29.014062069502
"546","2020-10",41.978036691874,-30.475810301213,10,"2020","COVID Peak","Oct 2020","Caring for Non-Household",11.2821775887169
"547","2020-10",41.978036691874,-30.475810301213,10,"2020","COVID Peak","Oct 2020","Education",37.9751387552646
"548","2020-10",41.978036691874,-30.475810301213,10,"2020","COVID Peak","Oct 2020","Eating and Drinking",60.0262460125209
"549","2020-10",41.978036691874,-30.475810301213,10,"2020","COVID Peak","Oct 2020","Civic Duties",0.319678154732008
"550","2020-10",41.978036691874,-30.475810301213,10,"2020","COVID Peak","Oct 2020","Household Activities",113.61401383031
"551","2020-10",41.978036691874,-30.475810301213,10,"2020","COVID Peak","Oct 2020","Household Services",0.615100566905296
"552","2020-10",41.978036691874,-30.475810301213,10,"2020","COVID Peak","Oct 2020","Personal Care",576.981230342505
"553","2020-10",41.978036691874,-30.475810301213,10,"2020","COVID Peak","Oct 2020","Phone Calls",10.071805877162
"554","2020-10",41.978036691874,-30.475810301213,10,"2020","COVID Peak","Oct 2020","Care Services",6.18982471713163
"555","2020-10",41.978036691874,-30.475810301213,10,"2020","COVID Peak","Oct 2020","Consumer Purchasing",15.3299099745143
"556","2020-10",41.978036691874,-30.475810301213,10,"2020","COVID Peak","Oct 2020","Religious/Spiritual Activities",5.82790099745115
"557","2020-10",41.978036691874,-30.475810301213,10,"2020","COVID Peak","Oct 2020","Socializing and Leisure",304.005583172237
"558","2020-10",41.978036691874,-30.475810301213,10,"2020","COVID Peak","Oct 2020","Sports and Exercise",19.8357186383894
"559","2020-10",41.978036691874,-30.475810301213,10,"2020","COVID Peak","Oct 2020","Traveling",47.6860623240919
"560","2020-10",41.978036691874,-30.475810301213,10,"2020","COVID Peak","Oct 2020","Volunteering",6.22585177057525
"561","2020-10",41.978036691874,-30.475810301213,10,"2020","COVID Peak","Oct 2020","Work",183.007746848107
"562","2020-11",47.5965043373315,-20.5684783402368,11,"2020","COVID Peak","Nov 2020","Caring for Household",28.1866242497496
"563","2020-11",47.5965043373315,-20.5684783402368,11,"2020","COVID Peak","Nov 2020","Caring for Non-Household",7.97588460117203
"564","2020-11",47.5965043373315,-20.5684783402368,11,"2020","COVID Peak","Nov 2020","Education",36.1640239963009
"565","2020-11",47.5965043373315,-20.5684783402368,11,"2020","COVID Peak","Nov 2020","Eating and Drinking",59.736587836303
"566","2020-11",47.5965043373315,-20.5684783402368,11,"2020","COVID Peak","Nov 2020","Civic Duties",0.120552761762012
"567","2020-11",47.5965043373315,-20.5684783402368,11,"2020","COVID Peak","Nov 2020","Household Activities",121.000647120941
"568","2020-11",47.5965043373315,-20.5684783402368,11,"2020","COVID Peak","Nov 2020","Household Services",0.940359778105107
"569","2020-11",47.5965043373315,-20.5684783402368,11,"2020","COVID Peak","Nov 2020","Personal Care",580.23546658133
"570","2020-11",47.5965043373315,-20.5684783402368,11,"2020","COVID Peak","Nov 2020","Phone Calls",13.5135109946477
"571","2020-11",47.5965043373315,-20.5684783402368,11,"2020","COVID Peak","Nov 2020","Care Services",5.7948992567021
"572","2020-11",47.5965043373315,-20.5684783402368,11,"2020","COVID Peak","Nov 2020","Consumer Purchasing",21.1519773347048
"573","2020-11",47.5965043373315,-20.5684783402368,11,"2020","COVID Peak","Nov 2020","Religious/Spiritual Activities",7.11434261936131
"574","2020-11",47.5965043373315,-20.5684783402368,11,"2020","COVID Peak","Nov 2020","Socializing and Leisure",296.292723126781
"575","2020-11",47.5965043373315,-20.5684783402368,11,"2020","COVID Peak","Nov 2020","Sports and Exercise",18.3784986062976
"576","2020-11",47.5965043373315,-20.5684783402368,11,"2020","COVID Peak","Nov 2020","Traveling",47.9092394344728
"577","2020-11",47.5965043373315,-20.5684783402368,11,"2020","COVID Peak","Nov 2020","Volunteering",4.76327114506659
"578","2020-11",47.5965043373315,-20.5684783402368,11,"2020","COVID Peak","Nov 2020","Work",180.170785756574
"579","2020-12",41.8563519022825,-52.6537890381817,12,"2020","COVID Peak","Dec 2020","Caring for Household",22.7799465330456
"580","2020-12",41.8563519022825,-52.6537890381817,12,"2020","COVID Peak","Dec 2020","Caring for Non-Household",5.83654161851844
"581","2020-12",41.8563519022825,-52.6537890381817,12,"2020","COVID Peak","Dec 2020","Education",29.7528936729392
"582","2020-12",41.8563519022825,-52.6537890381817,12,"2020","COVID Peak","Dec 2020","Eating and Drinking",63.7954055919124
"583","2020-12",41.8563519022825,-52.6537890381817,12,"2020","COVID Peak","Dec 2020","Civic Duties",0.189335082517993
"584","2020-12",41.8563519022825,-52.6537890381817,12,"2020","COVID Peak","Dec 2020","Household Activities",126.981220265893
"585","2020-12",41.8563519022825,-52.6537890381817,12,"2020","COVID Peak","Dec 2020","Household Services",0.943195145866817
"586","2020-12",41.8563519022825,-52.6537890381817,12,"2020","COVID Peak","Dec 2020","Personal Care",580.53153478115
"587","2020-12",41.8563519022825,-52.6537890381817,12,"2020","COVID Peak","Dec 2020","Phone Calls",11.2518673311385
"588","2020-12",41.8563519022825,-52.6537890381817,12,"2020","COVID Peak","Dec 2020","Care Services",6.40385554211351
"589","2020-12",41.8563519022825,-52.6537890381817,12,"2020","COVID Peak","Dec 2020","Consumer Purchasing",18.4346682407744
"590","2020-12",41.8563519022825,-52.6537890381817,12,"2020","COVID Peak","Dec 2020","Religious/Spiritual Activities",4.33755220063033
"591","2020-12",41.8563519022825,-52.6537890381817,12,"2020","COVID Peak","Dec 2020","Socializing and Leisure",323.113211192305
"592","2020-12",41.8563519022825,-52.6537890381817,12,"2020","COVID Peak","Dec 2020","Sports and Exercise",12.2688231647418
"593","2020-12",41.8563519022825,-52.6537890381817,12,"2020","COVID Peak","Dec 2020","Traveling",45.3112973733738
"594","2020-12",41.8563519022825,-52.6537890381817,12,"2020","COVID Peak","Dec 2020","Volunteering",5.1336122173395
"595","2020-12",41.8563519022825,-52.6537890381817,12,"2020","COVID Peak","Dec 2020","Work",172.48315508504
