"","MONTH","YEAR","ACTIVITY","count","nonzerocount","percent_nonzero","label","ORDER","amount"
"1","Jan",2019,"Caring for Household",819,226,0.275946275946276,"Jan 2019",1,0.275946275946276
"2","Jan",2019,"Caring for Non-Household",819,87,0.106227106227106,"Jan 2019",1,0.106227106227106
"3","Jan",2019,"Education",819,46,0.0561660561660562,"Jan 2019",1,0.0561660561660562
"4","Jan",2019,"Eating and Drinking",819,780,0.952380952380952,"Jan 2019",1,0.952380952380952
"5","Jan",2019,"Civic Duties",819,2,0.00244200244200244,"Jan 2019",1,0.00244200244200244
"6","Jan",2019,"Household Activites",819,675,0.824175824175824,"Jan 2019",1,0.824175824175824
"7","Jan",2019,"Household Services",819,13,0.0158730158730159,"Jan 2019",1,0.0158730158730159
"8","Jan",2019,"Personal Care",819,819,1,"Jan 2019",1,1
"9","Jan",2019,"Phone Calls",819,136,0.166056166056166,"Jan 2019",1,0.166056166056166
"10","Jan",2019,"Care Services",819,53,0.0647130647130647,"Jan 2019",1,0.0647130647130647
"11","Jan",2019,"Consumer Purchasing",819,328,0.400488400488401,"Jan 2019",1,0.400488400488401
"12","Jan",2019,"Religious/Spiritual Activities",819,103,0.125763125763126,"Jan 2019",1,0.125763125763126
"13","Jan",2019,"Socializing and Leisure",819,783,0.956043956043956,"Jan 2019",1,0.956043956043956
"14","Jan",2019,"Sports and Exercise",819,140,0.170940170940171,"Jan 2019",1,0.170940170940171
"15","Jan",2019,"Traveling",819,675,0.824175824175824,"Jan 2019",1,0.824175824175824
"16","Jan",2019,"Volunteering",819,50,0.061050061050061,"Jan 2019",1,0.061050061050061
"17","Jan",2019,"Work",819,315,0.384615384615385,"Jan 2019",1,0.384615384615385
"18","Jan",2020,"Caring for Household",790,188,0.237974683544304,"Jan 2020",13,-0.0241371176979323
"19","Jan",2020,"Caring for Non-Household",790,74,0.0936708860759494,"Jan 2020",13,-0.0131614120606966
"20","Jan",2020,"Education",790,34,0.0430379746835443,"Jan 2020",13,0.00328642188851325
"21","Jan",2020,"Eating and Drinking",790,748,0.946835443037975,"Jan 2020",13,-0.00968629609246008
"22","Jan",2020,"Civic Duties",790,3,0.00379746835443038,"Jan 2020",13,0.00255523232958566
"23","Jan",2020,"Household Activites",790,660,0.835443037974684,"Jan 2020",13,0.0143250255523233
"24","Jan",2020,"Household Services",790,26,0.0329113924050633,"Jan 2020",13,0.0180045601069266
"25","Jan",2020,"Personal Care",790,790,1,"Jan 2020",13,0
"26","Jan",2020,"Phone Calls",790,98,0.124050632911392,"Jan 2020",13,-0.0374400503184213
"27","Jan",2020,"Care Services",790,70,0.0886075949367089,"Jan 2020",13,0.0165579054957151
"28","Jan",2020,"Consumer Purchasing",790,307,0.388607594936709,"Jan 2020",13,-0.0225725292868936
"29","Jan",2020,"Religious/Spiritual Activities",790,98,0.124050632911392,"Jan 2020",13,-0.0026574416227691
"30","Jan",2020,"Socializing and Leisure",790,756,0.956962025316456,"Jan 2020",13,0.0103781743847786
"31","Jan",2020,"Sports and Exercise",790,154,0.19493670886076,"Jan 2020",13,0.0334460256309458
"32","Jan",2020,"Traveling",790,618,0.782278481012658,"Jan 2020",13,-0.0239326991115654
"33","Jan",2020,"Volunteering",790,46,0.0582278481012658,"Jan 2020",13,-0.00885289724034908
"34","Jan",2020,"Work",790,301,0.381012658227848,"Jan 2020",13,0.0182797389731897
"35","Jan",2021,"Caring for Household",974,230,0.236139630390144,"Jan 2021",24,0.0211324153829287
"36","Jan",2021,"Caring for Non-Household",974,87,0.0893223819301848,"Jan 2021",24,0.0157293083371112
"37","Jan",2021,"Education",974,55,0.0564681724845996,"Jan 2021",24,0.00307711909354619
"38","Jan",2021,"Eating and Drinking",974,946,0.971252566735113,"Jan 2021",24,0.00732760281014899
"39","Jan",2021,"Civic Duties",974,6,0.00616016427104723,"Jan 2021",24,0.00471716282804579
"40","Jan",2021,"Household Activites",974,805,0.826488706365503,"Jan 2021",24,-0.00468012480332813
"41","Jan",2021,"Household Services",974,12,0.0123203285420945,"Jan 2021",24,-0.0064386902169243
"42","Jan",2021,"Personal Care",974,973,0.998973305954825,"Jan 2021",24,0.00185930884082841
"43","Jan",2021,"Phone Calls",974,177,0.181724845995893,"Jan 2021",24,-9.33358222885983e-05
"44","Jan",2021,"Care Services",974,61,0.0626283367556468,"Jan 2021",24,-0.00519273106542101
"45","Jan",2021,"Consumer Purchasing",974,356,0.365503080082136,"Jan 2021",24,-0.0443093297302743
"46","Jan",2021,"Religious/Spiritual Activities",974,89,0.0913757700205339,"Jan 2021",24,-0.000976322331558477
"47","Jan",2021,"Socializing and Leisure",974,934,0.958932238193018,"Jan 2021",24,0.00366528292606316
"48","Jan",2021,"Sports and Exercise",974,206,0.211498973305955,"Jan 2021",24,0.0455538073607889
"49","Jan",2021,"Traveling",974,616,0.632443531827515,"Jan 2021",24,-0.0111351117511281
"50","Jan",2021,"Volunteering",974,49,0.0503080082135524,"Jan 2021",24,0.00413196203750619
"51","Jan",2021,"Work",974,326,0.334702258726899,"Jan 2021",24,0.0143559383805791
"52","Feb",2019,"Caring for Household",737,183,0.248303934871099,"Feb 2019",2,-0.0276423410751769
"53","Feb",2019,"Caring for Non-Household",737,82,0.111261872455902,"Feb 2019",2,0.00503476622879608
"54","Feb",2019,"Education",737,41,0.0556309362279511,"Feb 2019",2,-0.000535119938105018
"55","Feb",2019,"Eating and Drinking",737,708,0.960651289009498,"Feb 2019",2,0.00827033662854559
"56","Feb",2019,"Civic Duties",737,6,0.00814111261872456,"Feb 2019",2,0.00569911017672212
"57","Feb",2019,"Household Activites",737,596,0.808683853459973,"Feb 2019",2,-0.0154919707158513
"58","Feb",2019,"Household Services",737,15,0.0203527815468114,"Feb 2019",2,0.00447976567379553
"59","Feb",2019,"Personal Care",737,737,1,"Feb 2019",2,0
"60","Feb",2019,"Phone Calls",737,109,0.147896879240163,"Feb 2019",2,-0.0181592868160032
"61","Feb",2019,"Care Services",737,54,0.073270013568521,"Feb 2019",2,0.00855694885545631
"62","Feb",2019,"Consumer Purchasing",737,283,0.383989145183175,"Feb 2019",2,-0.0164992553052255
"63","Feb",2019,"Religious/Spiritual Activities",737,99,0.134328358208955,"Feb 2019",2,0.00856523244582946
"64","Feb",2019,"Socializing and Leisure",737,697,0.94572591587517,"Feb 2019",2,-0.0103180401687865
"65","Feb",2019,"Sports and Exercise",737,121,0.164179104477612,"Feb 2019",2,-0.006761066462559
"66","Feb",2019,"Traveling",737,570,0.773405698778833,"Feb 2019",2,-0.050770125396991
"67","Feb",2019,"Volunteering",737,45,0.0610583446404342,"Feb 2019",2,8.28359037314402e-06
"68","Feb",2019,"Work",737,268,0.363636363636364,"Feb 2019",2,-0.020979020979021
"69","Feb",2020,"Caring for Household",804,214,0.266169154228856,"Feb 2020",14,0.0281944706845519
"70","Feb",2020,"Caring for Non-Household",804,95,0.1181592039801,"Feb 2020",14,0.0244883179041501
"71","Feb",2020,"Education",804,50,0.0621890547263682,"Feb 2020",14,0.0191510800428239
"72","Feb",2020,"Eating and Drinking",804,763,0.949004975124378,"Feb 2020",14,0.00216953208640336
"73","Feb",2020,"Civic Duties",804,3,0.00373134328358209,"Feb 2020",14,-6.61250708482901e-05
"74","Feb",2020,"Household Activites",804,666,0.828358208955224,"Feb 2020",14,-0.00708482901945973
"75","Feb",2020,"Household Services",804,12,0.0149253731343284,"Feb 2020",14,-0.0179860192707349
"76","Feb",2020,"Personal Care",804,803,0.998756218905473,"Feb 2020",14,-0.00124378109452739
"77","Feb",2020,"Phone Calls",804,124,0.154228855721393,"Feb 2020",14,0.0301782228100006
"78","Feb",2020,"Care Services",804,61,0.0758706467661692,"Feb 2020",14,-0.0127369481705397
"79","Feb",2020,"Consumer Purchasing",804,361,0.449004975124378,"Feb 2020",14,0.0603973801876692
"80","Feb",2020,"Religious/Spiritual Activities",804,80,0.0995024875621891,"Feb 2020",14,-0.0245481453492033
"81","Feb",2020,"Socializing and Leisure",804,766,0.95273631840796,"Feb 2020",14,-0.00422570690849544
"82","Feb",2020,"Sports and Exercise",804,136,0.169154228855721,"Feb 2020",14,-0.0257824800050381
"83","Feb",2020,"Traveling",804,670,0.833333333333333,"Feb 2020",14,0.0510548523206752
"84","Feb",2020,"Volunteering",804,59,0.0733830845771144,"Feb 2020",14,0.0151552364758486
"85","Feb",2020,"Work",804,268,0.333333333333333,"Feb 2020",14,-0.0476793248945148
"86","Feb",2021,"Caring for Household",805,176,0.218633540372671,"Feb 2021",25,-0.0175060900174729
"87","Feb",2021,"Caring for Non-Household",805,70,0.0869565217391304,"Feb 2021",25,-0.00236586019105438
"88","Feb",2021,"Education",805,50,0.062111801242236,"Feb 2021",25,0.00564362875763644
"89","Feb",2021,"Eating and Drinking",805,785,0.975155279503106,"Feb 2021",25,0.00390271276799259
"90","Feb",2021,"Civic Duties",805,1,0.00124223602484472,"Feb 2021",25,-0.00491792824620251
"91","Feb",2021,"Household Activites",805,654,0.812422360248447,"Feb 2021",25,-0.0140663461170559
"92","Feb",2021,"Household Services",805,12,0.0149068322981366,"Feb 2021",25,0.00258650375604219
"93","Feb",2021,"Personal Care",805,804,0.998757763975155,"Feb 2021",25,-0.00021554197967022
"94","Feb",2021,"Phone Calls",805,139,0.172670807453416,"Feb 2021",25,-0.00905403854247708
"95","Feb",2021,"Care Services",805,44,0.0546583850931677,"Feb 2021",25,-0.00796995166247912
"96","Feb",2021,"Consumer Purchasing",805,254,0.315527950310559,"Feb 2021",25,-0.0499751297715765
"97","Feb",2021,"Religious/Spiritual Activities",805,76,0.0944099378881988,"Feb 2021",25,0.00303416786766489
"98","Feb",2021,"Socializing and Leisure",805,772,0.959006211180124,"Feb 2021",25,7.39729871057637e-05
"99","Feb",2021,"Sports and Exercise",805,181,0.224844720496894,"Feb 2021",25,0.0133457471909396
"100","Feb",2021,"Traveling",805,498,0.618633540372671,"Feb 2021",25,-0.0138099914548446
"101","Feb",2021,"Volunteering",805,36,0.0447204968944099,"Feb 2021",25,-0.00558751131914242
"102","Feb",2021,"Work",805,305,0.37888198757764,"Feb 2021",25,0.0441797288507403
"103","Mar",2019,"Caring for Household",919,233,0.253536452665941,"Mar 2019",3,0.00523251779484216
"104","Mar",2019,"Caring for Non-Household",919,107,0.116430903155604,"Mar 2019",3,0.00516903069970162
"105","Mar",2019,"Education",919,48,0.0522306855277476,"Mar 2019",3,-0.0034002507002036
"106","Mar",2019,"Eating and Drinking",919,880,0.957562568008705,"Mar 2019",3,-0.00308872100079283
"107","Mar",2019,"Civic Duties",919,3,0.00326441784548422,"Mar 2019",3,-0.00487669477324034
"108","Mar",2019,"Household Activites",919,753,0.81936887921654,"Mar 2019",3,0.0106850257565668
"109","Mar",2019,"Household Services",919,14,0.015233949945593,"Mar 2019",3,-0.00511883160121836
"110","Mar",2019,"Personal Care",919,919,1,"Mar 2019",3,0
"111","Mar",2019,"Phone Calls",919,153,0.166485310119695,"Mar 2019",3,0.0185884308795325
"112","Mar",2019,"Care Services",919,69,0.0750816104461371,"Mar 2019",3,0.00181159687761608
"113","Mar",2019,"Consumer Purchasing",919,415,0.451577801958651,"Mar 2019",3,0.0675886567754757
"114","Mar",2019,"Religious/Spiritual Activities",919,106,0.115342763873776,"Mar 2019",3,-0.0189855943351794
"115","Mar",2019,"Socializing and Leisure",919,877,0.954298150163221,"Mar 2019",3,0.00857223428805121
"116","Mar",2019,"Sports and Exercise",919,157,0.170837867247008,"Mar 2019",3,0.00665876276939567
"117","Mar",2019,"Traveling",919,735,0.799782372143634,"Mar 2019",3,0.0263766733648012
"118","Mar",2019,"Volunteering",919,69,0.0750816104461371,"Mar 2019",3,0.0140232658057029
"119","Mar",2019,"Work",919,319,0.347116430903156,"Mar 2019",3,-0.0165199327332081
"120","Mar",2020,"Caring for Household",507,126,0.248520710059172,"Mar 2020",15,-0.0176484441696841
"121","Mar",2020,"Caring for Non-Household",507,40,0.0788954635108481,"Mar 2020",15,-0.0392637404692514
"122","Mar",2020,"Education",507,27,0.0532544378698225,"Mar 2020",15,-0.00893461685654567
"123","Mar",2020,"Eating and Drinking",507,485,0.956607495069034,"Mar 2020",15,0.00760251994465544
"124","Mar",2020,"Civic Duties",507,4,0.00788954635108481,"Mar 2020",15,0.00415820306750272
"125","Mar",2020,"Household Activites",507,412,0.812623274161736,"Mar 2020",15,-0.0157349347934881
"126","Mar",2020,"Household Services",507,8,0.0157790927021696,"Mar 2020",15,0.000853719567841268
"127","Mar",2020,"Personal Care",507,507,1,"Mar 2020",15,0.00124378109452739
"128","Mar",2020,"Phone Calls",507,69,0.136094674556213,"Mar 2020",15,-0.01813418116518
"129","Mar",2020,"Care Services",507,35,0.0690335305719921,"Mar 2020",15,-0.00683711619417704
"130","Mar",2020,"Consumer Purchasing",507,208,0.41025641025641,"Mar 2020",15,-0.0387485648679678
"131","Mar",2020,"Religious/Spiritual Activities",507,55,0.108481262327416,"Mar 2020",15,0.00897877476522711
"132","Mar",2020,"Socializing and Leisure",507,481,0.948717948717949,"Mar 2020",15,-0.00401836969001157
"133","Mar",2020,"Sports and Exercise",507,117,0.230769230769231,"Mar 2020",15,0.0616150019135094
"134","Mar",2020,"Traveling",507,385,0.759368836291913,"Mar 2020",15,-0.0739644970414202
"135","Mar",2020,"Volunteering",507,40,0.0788954635108481,"Mar 2020",15,0.0055123789337337
"136","Mar",2020,"Work",507,192,0.378698224852071,"Mar 2020",15,0.0453648915187377
"137","Mar",2021,"Caring for Household",836,183,0.2188995215311,"Mar 2021",26,0.000265981158429685
"138","Mar",2021,"Caring for Non-Household",836,70,0.0837320574162679,"Mar 2021",26,-0.00322446432286248
"139","Mar",2021,"Education",836,49,0.0586124401913876,"Mar 2021",26,-0.00349936105084846
"140","Mar",2021,"Eating and Drinking",836,812,0.971291866028708,"Mar 2021",26,-0.00386341347439745
"141","Mar",2021,"Civic Duties",836,3,0.00358851674641148,"Mar 2021",26,0.00234628072156676
"142","Mar",2021,"Household Activites",836,685,0.819377990430622,"Mar 2021",26,0.00695563018217482
"143","Mar",2021,"Household Services",836,15,0.0179425837320574,"Mar 2021",26,0.00303575143392077
"144","Mar",2021,"Personal Care",836,836,1,"Mar 2021",26,0.00124223602484475
"145","Mar",2021,"Phone Calls",836,113,0.135167464114833,"Mar 2021",26,-0.0375033433385836
"146","Mar",2021,"Care Services",836,64,0.076555023923445,"Mar 2021",26,0.0218966388302773
"147","Mar",2021,"Consumer Purchasing",836,306,0.366028708133971,"Mar 2021",26,0.0505007578234123
"148","Mar",2021,"Religious/Spiritual Activities",836,91,0.108851674641148,"Mar 2021",26,0.0144417367529496
"149","Mar",2021,"Socializing and Leisure",836,796,0.952153110047847,"Mar 2021",26,-0.00685310113227733
"150","Mar",2021,"Sports and Exercise",836,176,0.210526315789474,"Mar 2021",26,-0.0143184047074207
"151","Mar",2021,"Traveling",836,588,0.703349282296651,"Mar 2021",26,0.0847157419239799
"152","Mar",2021,"Volunteering",836,38,0.0454545454545455,"Mar 2021",26,0.000734048560135515
"153","Mar",2021,"Work",836,321,0.383971291866029,"Mar 2021",26,0.00508930428838894
"154","Apr",2019,"Caring for Household",746,195,0.261394101876676,"Apr 2019",4,0.0078576492107344
"155","Apr",2019,"Caring for Non-Household",746,93,0.124664879356568,"Apr 2019",4,0.00823397620096444
"156","Apr",2019,"Education",746,36,0.0482573726541555,"Apr 2019",4,-0.00397331287359206
"157","Apr",2019,"Eating and Drinking",746,713,0.955764075067024,"Apr 2019",4,-0.001798492941681
"158","Apr",2019,"Civic Duties",746,5,0.00670241286863271,"Apr 2019",4,0.00343799502314849
"159","Apr",2019,"Household Activites",746,632,0.847184986595174,"Apr 2019",4,0.0278161073786346
"160","Apr",2019,"Household Services",746,13,0.017426273458445,"Apr 2019",4,0.00219232351285201
"161","Apr",2019,"Personal Care",746,746,1,"Apr 2019",4,0
"162","Apr",2019,"Phone Calls",746,105,0.140750670241287,"Apr 2019",4,-0.0257346398784085
"163","Apr",2019,"Care Services",746,55,0.0737265415549598,"Apr 2019",4,-0.00135506889117733
"164","Apr",2019,"Consumer Purchasing",746,322,0.431635388739946,"Apr 2019",4,-0.0199424132187043
"165","Apr",2019,"Religious/Spiritual Activities",746,77,0.103217158176944,"Apr 2019",4,-0.0121256056968321
"166","Apr",2019,"Socializing and Leisure",746,709,0.950402144772118,"Apr 2019",4,-0.00389600539110291
"167","Apr",2019,"Sports and Exercise",746,135,0.180965147453083,"Apr 2019",4,0.0101272802060755
"168","Apr",2019,"Traveling",746,625,0.837801608579088,"Apr 2019",4,0.0380192364354541
"169","Apr",2019,"Volunteering",746,53,0.0710455764075067,"Apr 2019",4,-0.0040360340386304
"170","Apr",2019,"Work",746,304,0.407506702412869,"Apr 2019",4,0.060390271509713
"171","Apr",2021,"Caring for Household",633,138,0.218009478672986,"Apr 2021",27,-0.000890042858114698
"172","Apr",2021,"Caring for Non-Household",633,54,0.0853080568720379,"Apr 2021",27,0.00157599945576997
"173","Apr",2021,"Education",633,34,0.0537124802527646,"Apr 2021",27,-0.00489995993862295
"174","Apr",2021,"Eating and Drinking",633,613,0.968404423380727,"Apr 2021",27,-0.00288744264798135
"175","Apr",2021,"Civic Duties",633,2,0.00315955766192733,"Apr 2021",27,-0.000428959084484153
"176","Apr",2021,"Household Activites",633,518,0.818325434439178,"Apr 2021",27,-0.00105255599144349
"177","Apr",2021,"Household Services",633,11,0.0173775671406003,"Apr 2021",27,-0.0005650165914571
"178","Apr",2021,"Personal Care",633,632,0.998420221169036,"Apr 2021",27,-0.00157977883096372
"179","Apr",2021,"Phone Calls",633,105,0.165876777251185,"Apr 2021",27,0.0307093131363523
"180","Apr",2021,"Care Services",633,39,0.0616113744075829,"Apr 2021",27,-0.014943649515862
"181","Apr",2021,"Consumer Purchasing",633,253,0.399684044233807,"Apr 2021",27,0.033655336099836
"182","Apr",2021,"Religious/Spiritual Activities",633,64,0.101105845181675,"Apr 2021",27,-0.00774582945947376
"183","Apr",2021,"Socializing and Leisure",633,598,0.944707740916272,"Apr 2021",27,-0.00744536913157512
"184","Apr",2021,"Sports and Exercise",633,133,0.210110584518167,"Apr 2021",27,-0.000415731271306202
"185","Apr",2021,"Traveling",633,449,0.709320695102686,"Apr 2021",27,0.00597141280603486
"186","Apr",2021,"Volunteering",633,30,0.0473933649289099,"Apr 2021",27,0.00193881947436449
"187","Apr",2021,"Work",633,229,0.361769352290679,"Apr 2021",27,-0.0222019395753494
"188","May",2019,"Caring for Household",723,197,0.272475795297372,"May 2019",5,0.0110816934206964
"189","May",2019,"Caring for Non-Household",723,76,0.105117565698479,"May 2019",5,-0.0195473136580898
"190","May",2019,"Education",723,25,0.0345781466113416,"May 2019",5,-0.0136792260428139
"191","May",2019,"Eating and Drinking",723,688,0.951590594744122,"May 2019",5,-0.00417348032290243
"192","May",2019,"Civic Duties",723,1,0.00138312586445367,"May 2019",5,-0.00531928700417904
"193","May",2019,"Household Activites",723,590,0.816044260027663,"May 2019",5,-0.0311407265675118
"194","May",2019,"Household Services",723,19,0.0262793914246196,"May 2019",5,0.0088531179661746
"195","May",2019,"Personal Care",723,723,1,"May 2019",5,0
"196","May",2019,"Phone Calls",723,109,0.15076071922545,"May 2019",5,0.0100100489841626
"197","May",2019,"Care Services",723,46,0.0636237897648686,"May 2019",5,-0.0101027517900912
"198","May",2019,"Consumer Purchasing",723,318,0.439834024896266,"May 2019",5,0.00819863615631916
"199","May",2019,"Religious/Spiritual Activities",723,87,0.120331950207469,"May 2019",5,0.0171147920305252
"200","May",2019,"Socializing and Leisure",723,685,0.947441217150761,"May 2019",5,-0.00296092762135725
"201","May",2019,"Sports and Exercise",723,143,0.197786998616874,"May 2019",5,0.016821851163791
"202","May",2019,"Traveling",723,614,0.84923928077455,"May 2019",5,0.011437672195462
"203","May",2019,"Volunteering",723,36,0.0497925311203319,"May 2019",5,-0.0212530452871748
"204","May",2019,"Work",723,282,0.390041493775934,"May 2019",5,-0.017465208636935
"205","May",2020,"Caring for Household",634,115,0.181388012618297,"May 2020",16,-0.067132697440875
"206","May",2020,"Caring for Non-Household",634,39,0.0615141955835962,"May 2020",16,-0.0173812679272519
"207","May",2020,"Education",634,30,0.0473186119873817,"May 2020",16,-0.00593582588244079
"208","May",2020,"Eating and Drinking",634,608,0.958990536277603,"May 2020",16,0.00238304120856903
"209","May",2020,"Civic Duties",634,2,0.00315457413249211,"May 2020",16,-0.0047349722185927
"210","May",2020,"Household Activites",634,530,0.83596214511041,"May 2020",16,0.0233388709486744
"211","May",2020,"Household Services",634,13,0.0205047318611987,"May 2020",16,0.00472563915902911
"212","May",2020,"Personal Care",634,634,1,"May 2020",16,0
"213","May",2020,"Phone Calls",634,118,0.186119873817035,"May 2020",16,0.0500251992608217
"214","May",2020,"Care Services",634,21,0.0331230283911672,"May 2020",16,-0.0359105021808249
"215","May",2020,"Consumer Purchasing",634,187,0.294952681388013,"May 2020",16,-0.115303728868398
"216","May",2020,"Religious/Spiritual Activities",634,52,0.082018927444795,"May 2020",16,-0.0264623348826212
"217","May",2020,"Socializing and Leisure",634,613,0.966876971608833,"May 2020",16,0.0181590228908841
"218","May",2020,"Sports and Exercise",634,150,0.236593059936909,"May 2020",16,0.00582382916767774
"219","May",2020,"Traveling",634,322,0.50788643533123,"May 2020",16,-0.251482400960683
"220","May",2020,"Volunteering",634,25,0.0394321766561514,"May 2020",16,-0.0394632868546967
"221","May",2020,"Work",634,209,0.329652996845426,"May 2020",16,-0.0490452280066451
"222","May",2021,"Caring for Household",742,174,0.234501347708895,"May 2021",28,0.0164918690359091
"223","May",2021,"Caring for Non-Household",742,86,0.115902964959569,"May 2021",28,0.0305949080875308
"224","May",2021,"Education",742,23,0.0309973045822102,"May 2021",28,-0.0227151756705544
"225","May",2021,"Eating and Drinking",742,716,0.964959568733154,"May 2021",28,-0.00344485464757305
"226","May",2021,"Civic Duties",742,2,0.00269541778975741,"May 2021",28,-0.000464139872169918
"227","May",2021,"Household Activites",742,614,0.827493261455526,"May 2021",28,0.00916782701634711
"228","May",2021,"Household Services",742,14,0.0188679245283019,"May 2021",28,0.00149035738770157
"229","May",2021,"Personal Care",742,742,1,"May 2021",28,0.00157977883096372
"230","May",2021,"Phone Calls",742,109,0.146900269541779,"May 2021",28,-0.0189765077094058
"231","May",2021,"Care Services",742,52,0.0700808625336927,"May 2021",28,0.00846948812610979
"232","May",2021,"Consumer Purchasing",742,301,0.405660377358491,"May 2021",28,0.00597633312468332
"233","May",2021,"Religious/Spiritual Activities",742,83,0.111859838274933,"May 2021",28,0.0107539930932581
"234","May",2021,"Socializing and Leisure",742,717,0.966307277628032,"May 2021",28,0.0215995367117606
"235","May",2021,"Sports and Exercise",742,163,0.219676549865229,"May 2021",28,0.00956596534706164
"236","May",2021,"Traveling",742,572,0.77088948787062,"May 2021",28,0.0615687927679344
"237","May",2021,"Volunteering",742,33,0.0444743935309973,"May 2021",28,-0.00291897139791265
"238","May",2021,"Work",742,236,0.318059299191375,"May 2021",28,-0.0437100530993046
"239","Jun",2019,"Caring for Household",837,192,0.229390681003584,"Jun 2019",6,-0.0430851142937878
"240","Jun",2019,"Caring for Non-Household",837,123,0.146953405017921,"Jun 2019",6,0.0418358393194426
"241","Jun",2019,"Education",837,22,0.026284348864994,"Jun 2019",6,-0.00829379774634761
"242","Jun",2019,"Eating and Drinking",837,799,0.954599761051374,"Jun 2019",6,0.00300916630725234
"243","Jun",2019,"Civic Duties",837,4,0.004778972520908,"Jun 2019",6,0.00339584665645434
"244","Jun",2019,"Household Activites",837,673,0.804062126642772,"Jun 2019",6,-0.0119821333848907
"245","Jun",2019,"Household Services",837,21,0.025089605734767,"Jun 2019",6,-0.00118978568985261
"246","Jun",2019,"Personal Care",837,837,1,"Jun 2019",6,0
"247","Jun",2019,"Phone Calls",837,126,0.150537634408602,"Jun 2019",6,-0.000223084816847352
"248","Jun",2019,"Care Services",837,67,0.0800477897252091,"Jun 2019",6,0.0164239999603405
"249","Jun",2019,"Consumer Purchasing",837,344,0.410991636798088,"Jun 2019",6,-0.0288423880981771
"250","Jun",2019,"Religious/Spiritual Activities",837,115,0.137395459976105,"Jun 2019",6,0.0170635097686363
"251","Jun",2019,"Socializing and Leisure",837,804,0.960573476702509,"Jun 2019",6,0.0131322595517482
"252","Jun",2019,"Sports and Exercise",837,198,0.236559139784946,"Jun 2019",6,0.0387721411680721
"253","Jun",2019,"Traveling",837,691,0.825567502986858,"Jun 2019",6,-0.0236717777876927
"254","Jun",2019,"Volunteering",837,51,0.0609318996415771,"Jun 2019",6,0.0111393685212451
"255","Jun",2019,"Work",837,260,0.31063321385902,"Jun 2019",6,-0.0794082799169133
"256","Jun",2020,"Caring for Household",1007,193,0.191658391261172,"Jun 2020",17,0.0102703786428752
"257","Jun",2020,"Caring for Non-Household",1007,78,0.0774577954319762,"Jun 2020",17,0.01594359984838
"258","Jun",2020,"Education",1007,30,0.0297914597815293,"Jun 2020",17,-0.0175271522058524
"259","Jun",2020,"Eating and Drinking",1007,966,0.959285004965243,"Jun 2020",17,0.000294468687640714
"260","Jun",2020,"Civic Duties",1007,3,0.00297914597815293,"Jun 2020",17,-0.000175428154339184
"261","Jun",2020,"Household Activites",1007,818,0.812313803376365,"Jun 2020",17,-0.0236483417340446
"262","Jun",2020,"Household Services",1007,20,0.0198609731876862,"Jun 2020",17,-0.000643758673512542
"263","Jun",2020,"Personal Care",1007,1006,0.999006951340616,"Jun 2020",17,-0.000993048659384321
"264","Jun",2020,"Phone Calls",1007,169,0.167825223435948,"Jun 2020",17,-0.0182946503810864
"265","Jun",2020,"Care Services",1007,56,0.0556107249255213,"Jun 2020",17,0.0224876965343542
"266","Jun",2020,"Consumer Purchasing",1007,348,0.34558093346574,"Jun 2020",17,0.0506282520777272
"267","Jun",2020,"Religious/Spiritual Activities",1007,107,0.106256206554121,"Jun 2020",17,0.0242372791093262
"268","Jun",2020,"Socializing and Leisure",1007,966,0.959285004965243,"Jun 2020",17,-0.00759196664358952
"269","Jun",2020,"Sports and Exercise",1007,285,0.283018867924528,"Jun 2020",17,0.0464258079876198
"270","Jun",2020,"Traveling",1007,646,0.641509433962264,"Jun 2020",17,0.133622998631034
"271","Jun",2020,"Volunteering",1007,39,0.0387288977159881,"Jun 2020",17,-0.000703278940163331
"272","Jun",2020,"Work",1007,337,0.334657398212512,"Jun 2020",17,0.00500440136708652
"273","Jun",2021,"Caring for Household",710,174,0.245070422535211,"Jun 2021",29,0.0105690748263164
"274","Jun",2021,"Caring for Non-Household",710,75,0.105633802816901,"Jun 2021",29,-0.0102691621426673
"275","Jun",2021,"Education",710,24,0.0338028169014084,"Jun 2021",29,0.00280551231919821
"276","Jun",2021,"Eating and Drinking",710,680,0.957746478873239,"Jun 2021",29,-0.00721308985991431
"277","Jun",2021,"Civic Duties",710,0,0,"Jun 2021",29,-0.00269541778975741
"278","Jun",2021,"Household Activites",710,583,0.82112676056338,"Jun 2021",29,-0.0063665008921453
"279","Jun",2021,"Household Services",710,19,0.0267605633802817,"Jun 2021",29,0.0078926388519798
"280","Jun",2021,"Personal Care",710,708,0.997183098591549,"Jun 2021",29,-0.0028169014084507
"281","Jun",2021,"Phone Calls",710,107,0.150704225352113,"Jun 2021",29,0.00380395581033369
"282","Jun",2021,"Care Services",710,62,0.0873239436619718,"Jun 2021",29,0.0172430811282791
"283","Jun",2021,"Consumer Purchasing",710,280,0.394366197183099,"Jun 2021",29,-0.011294180175392
"284","Jun",2021,"Religious/Spiritual Activities",710,65,0.0915492957746479,"Jun 2021",29,-0.0203105425002847
"285","Jun",2021,"Socializing and Leisure",710,675,0.950704225352113,"Jun 2021",29,-0.0156030522759197
"286","Jun",2021,"Sports and Exercise",710,192,0.270422535211268,"Jun 2021",29,0.0507459853460385
"287","Jun",2021,"Traveling",710,543,0.764788732394366,"Jun 2021",29,-0.00610075547625377
"288","Jun",2021,"Volunteering",710,30,0.0422535211267606,"Jun 2021",29,-0.00222087240423674
"289","Jun",2021,"Work",710,253,0.356338028169014,"Jun 2021",29,0.0382787289776395
"290","Jul",2019,"Caring for Household",777,192,0.247104247104247,"Jul 2019",7,0.0177135661006629
"291","Jul",2019,"Caring for Non-Household",777,86,0.110682110682111,"Jul 2019",7,-0.0362712943358105
"292","Jul",2019,"Education",777,16,0.0205920205920206,"Jul 2019",7,-0.00569232827297344
"293","Jul",2019,"Eating and Drinking",777,752,0.967824967824968,"Jul 2019",7,0.0132252067735938
"294","Jul",2019,"Civic Duties",777,3,0.00386100386100386,"Jul 2019",7,-0.000917968659904143
"295","Jul",2019,"Household Activites",777,623,0.801801801801802,"Jul 2019",7,-0.00226032484096994
"296","Jul",2019,"Household Services",777,16,0.0205920205920206,"Jul 2019",7,-0.00449758514274643
"297","Jul",2019,"Personal Care",777,777,1,"Jul 2019",7,0
"298","Jul",2019,"Phone Calls",777,105,0.135135135135135,"Jul 2019",7,-0.015402499273467
"299","Jul",2019,"Care Services",777,60,0.0772200772200772,"Jul 2019",7,-0.00282771250513186
"300","Jul",2019,"Consumer Purchasing",777,326,0.41956241956242,"Jul 2019",7,0.00857078276433115
"301","Jul",2019,"Religious/Spiritual Activities",777,94,0.120978120978121,"Jul 2019",7,-0.0164173389979842
"302","Jul",2019,"Socializing and Leisure",777,734,0.944658944658945,"Jul 2019",7,-0.0159145320435643
"303","Jul",2019,"Sports and Exercise",777,182,0.234234234234234,"Jul 2019",7,-0.00232490555071202
"304","Jul",2019,"Traveling",777,633,0.814671814671815,"Jul 2019",7,-0.0108956883150431
"305","Jul",2019,"Volunteering",777,60,0.0772200772200772,"Jul 2019",7,0.0162881775785002
"306","Jul",2019,"Work",777,281,0.361647361647362,"Jul 2019",7,0.0510141477883413
"307","Jul",2020,"Caring for Household",832,168,0.201923076923077,"Jul 2020",18,0.0102646856619051
"308","Jul",2020,"Caring for Non-Household",832,64,0.0769230769230769,"Jul 2020",18,-0.000534718508899246
"309","Jul",2020,"Education",832,16,0.0192307692307692,"Jul 2020",18,-0.0105606905507601
"310","Jul",2020,"Eating and Drinking",832,800,0.961538461538462,"Jul 2020",18,0.00225345657321829
"311","Jul",2020,"Civic Duties",832,1,0.00120192307692308,"Jul 2020",18,-0.00177722290122985
"312","Jul",2020,"Household Activites",832,699,0.840144230769231,"Jul 2020",18,0.0278304273928652
"313","Jul",2020,"Household Services",832,19,0.0228365384615385,"Jul 2020",18,0.00297556527385226
"314","Jul",2020,"Personal Care",832,832,1,"Jul 2020",18,0.000993048659384321
"315","Jul",2020,"Phone Calls",832,127,0.152644230769231,"Jul 2020",18,-0.0151809926667176
"316","Jul",2020,"Care Services",832,46,0.0552884615384615,"Jul 2020",18,-0.000322263387059811
"317","Jul",2020,"Consumer Purchasing",832,310,0.372596153846154,"Jul 2020",18,0.027015220380414
"318","Jul",2020,"Religious/Spiritual Activities",832,60,0.0721153846153846,"Jul 2020",18,-0.0341408219387365
"319","Jul",2020,"Socializing and Leisure",832,797,0.957932692307692,"Jul 2020",18,-0.00135231265755098
"320","Jul",2020,"Sports and Exercise",832,216,0.259615384615385,"Jul 2020",18,-0.0234034833091437
"321","Jul",2020,"Traveling",832,571,0.686298076923077,"Jul 2020",18,0.0447886429608128
"322","Jul",2020,"Volunteering",832,37,0.0444711538461538,"Jul 2020",18,0.00574225613016576
"323","Jul",2020,"Work",832,290,0.348557692307692,"Jul 2020",18,0.0139002940951799
"324","Jul",2021,"Caring for Household",704,153,0.217329545454545,"Jul 2021",30,-0.0277408770806658
"325","Jul",2021,"Caring for Non-Household",704,70,0.0994318181818182,"Jul 2021",30,-0.00620198463508323
"326","Jul",2021,"Education",704,18,0.0255681818181818,"Jul 2021",30,-0.00823463508322663
"327","Jul",2021,"Eating and Drinking",704,688,0.977272727272727,"Jul 2021",30,0.0195262483994879
"328","Jul",2021,"Civic Duties",704,1,0.00142045454545455,"Jul 2021",30,0.00142045454545455
"329","Jul",2021,"Household Activites",704,572,0.8125,"Jul 2021",30,-0.0086267605633803
"330","Jul",2021,"Household Services",704,15,0.0213068181818182,"Jul 2021",30,-0.00545374519846351
"331","Jul",2021,"Personal Care",704,704,1,"Jul 2021",30,0.0028169014084507
"332","Jul",2021,"Phone Calls",704,102,0.144886363636364,"Jul 2021",30,-0.00581786171574902
"333","Jul",2021,"Care Services",704,53,0.0752840909090909,"Jul 2021",30,-0.0120398527528809
"334","Jul",2021,"Consumer Purchasing",704,271,0.384943181818182,"Jul 2021",30,-0.00942301536491674
"335","Jul",2021,"Religious/Spiritual Activities",704,73,0.103693181818182,"Jul 2021",30,0.0121438860435339
"336","Jul",2021,"Socializing and Leisure",704,663,0.941761363636364,"Jul 2021",30,-0.00894286171574898
"337","Jul",2021,"Sports and Exercise",704,169,0.240056818181818,"Jul 2021",30,-0.0303657170294494
"338","Jul",2021,"Traveling",704,518,0.735795454545455,"Jul 2021",30,-0.0289932778489116
"339","Jul",2021,"Volunteering",704,27,0.0383522727272727,"Jul 2021",30,-0.00390124839948783
"340","Jul",2021,"Work",704,252,0.357954545454545,"Jul 2021",30,0.00161651728553136
"341","Aug",2019,"Caring for Household",734,181,0.246594005449591,"Aug 2019",8,-0.000510241654655824
"342","Aug",2019,"Caring for Non-Household",734,85,0.115803814713896,"Aug 2019",8,0.00512170403178577
"343","Aug",2019,"Education",734,20,0.0272479564032698,"Aug 2019",8,0.00665593581124916
"344","Aug",2019,"Eating and Drinking",734,692,0.942779291553134,"Aug 2019",8,-0.0250456762718343
"345","Aug",2019,"Civic Duties",734,6,0.00817438692098093,"Aug 2019",8,0.00431338305997706
"346","Aug",2019,"Household Activites",734,601,0.818801089918256,"Aug 2019",8,0.0169992881164543
"347","Aug",2019,"Household Services",734,14,0.0190735694822888,"Aug 2019",8,-0.00151845110973176
"348","Aug",2019,"Personal Care",734,734,1,"Aug 2019",8,0
"349","Aug",2019,"Phone Calls",734,100,0.136239782016349,"Aug 2019",8,0.00110464688121364
"350","Aug",2019,"Care Services",734,51,0.0694822888283379,"Aug 2019",8,-0.00773778839173934
"351","Aug",2019,"Consumer Purchasing",734,326,0.444141689373297,"Aug 2019",8,0.0245792698108774
"352","Aug",2019,"Religious/Spiritual Activities",734,74,0.100817438692098,"Aug 2019",8,-0.0201606822860229
"353","Aug",2019,"Socializing and Leisure",734,698,0.950953678474114,"Aug 2019",8,0.00629473381516987
"354","Aug",2019,"Sports and Exercise",734,152,0.20708446866485,"Aug 2019",8,-0.0271497655693841
"355","Aug",2019,"Traveling",734,614,0.836512261580381,"Aug 2019",8,0.0218404469085668
"356","Aug",2019,"Volunteering",734,43,0.05858310626703,"Aug 2019",8,-0.0186369709530472
"357","Aug",2019,"Work",734,253,0.344686648501362,"Aug 2019",8,-0.0169607131459993
"358","Aug",2020,"Caring for Household",939,177,0.188498402555911,"Aug 2020",19,-0.0134246743671664
"359","Aug",2020,"Caring for Non-Household",939,83,0.0883919062832801,"Aug 2020",19,0.0114688293602032
"360","Aug",2020,"Education",939,27,0.0287539936102236,"Aug 2020",19,0.00952322437945441
"361","Aug",2020,"Eating and Drinking",939,908,0.966986155484558,"Aug 2020",19,0.00544769394609645
"362","Aug",2020,"Civic Duties",939,4,0.00425985090521832,"Aug 2020",19,0.00305792782829524
"363","Aug",2020,"Household Activites",939,761,0.810436634717785,"Aug 2020",19,-0.0297075960514458
"364","Aug",2020,"Household Services",939,15,0.0159744408945687,"Aug 2020",19,-0.00686209756696977
"365","Aug",2020,"Personal Care",939,939,1,"Aug 2020",19,0
"366","Aug",2020,"Phone Calls",939,135,0.143769968051118,"Aug 2020",19,-0.00887426271811256
"367","Aug",2020,"Care Services",939,50,0.053248136315229,"Aug 2020",19,-0.00204032522323257
"368","Aug",2020,"Consumer Purchasing",939,327,0.348242811501597,"Aug 2020",19,-0.0243533423445564
"369","Aug",2020,"Religious/Spiritual Activities",939,79,0.0841320553780618,"Aug 2020",19,0.0120166707626772
"370","Aug",2020,"Socializing and Leisure",939,901,0.959531416400426,"Aug 2020",19,0.00159872409273365
"371","Aug",2020,"Sports and Exercise",939,259,0.275825346112886,"Aug 2020",19,0.0162099614975014
"372","Aug",2020,"Traveling",939,645,0.686900958466454,"Aug 2020",19,0.000602881543376843
"373","Aug",2020,"Volunteering",939,37,0.0394036208732694,"Aug 2020",19,-0.00506753297288441
"374","Aug",2020,"Work",939,290,0.308839190628328,"Aug 2020",19,-0.0397185016793643
"375","Aug",2021,"Caring for Household",826,201,0.243341404358354,"Aug 2021",31,0.0260118589038081
"376","Aug",2021,"Caring for Non-Household",826,88,0.106537530266344,"Aug 2021",31,0.00710571208452565
"377","Aug",2021,"Education",826,19,0.0230024213075061,"Aug 2021",31,-0.00256576051067577
"378","Aug",2021,"Eating and Drinking",826,783,0.947941888619855,"Aug 2021",31,-0.0293308386528726
"379","Aug",2021,"Civic Duties",826,1,0.00121065375302663,"Aug 2021",31,-0.000209800792427911
"380","Aug",2021,"Household Activites",826,682,0.825665859564165,"Aug 2021",31,0.0131658595641646
"381","Aug",2021,"Household Services",826,23,0.0278450363196126,"Aug 2021",31,0.00653821813779441
"382","Aug",2021,"Personal Care",826,826,1,"Aug 2021",31,0
"383","Aug",2021,"Phone Calls",826,132,0.159806295399516,"Aug 2021",31,0.0149199317631521
"384","Aug",2021,"Care Services",826,47,0.0569007263922518,"Aug 2021",31,-0.0183833645168391
"385","Aug",2021,"Consumer Purchasing",826,330,0.399515738498789,"Aug 2021",31,0.0145725566806075
"386","Aug",2021,"Religious/Spiritual Activities",826,93,0.112590799031477,"Aug 2021",31,0.00889761721329517
"387","Aug",2021,"Socializing and Leisure",826,790,0.956416464891041,"Aug 2021",31,0.0146551012546775
"388","Aug",2021,"Sports and Exercise",826,196,0.23728813559322,"Aug 2021",31,-0.00276868258859783
"389","Aug",2021,"Traveling",826,612,0.7409200968523,"Aug 2021",31,0.00512464230684562
"390","Aug",2021,"Volunteering",826,37,0.0447941888619855,"Aug 2021",31,0.00644191613471275
"391","Aug",2021,"Work",826,318,0.38498789346247,"Aug 2021",31,0.0270333480079243
"392","Sep",2019,"Caring for Household",737,189,0.256445047489824,"Sep 2019",9,0.00985104204023232
"393","Sep",2019,"Caring for Non-Household",737,85,0.115332428765265,"Sep 2019",9,-0.000471385948631872
"394","Sep",2019,"Education",737,30,0.0407055630936228,"Sep 2019",9,0.013457606690353
"395","Sep",2019,"Eating and Drinking",737,702,0.952510176390773,"Sep 2019",9,0.00973088483763984
"396","Sep",2019,"Civic Duties",737,3,0.00407055630936228,"Sep 2019",9,-0.00410383061161865
"397","Sep",2019,"Household Activites",737,602,0.816824966078697,"Sep 2019",9,-0.00197612383955881
"398","Sep",2019,"Household Services",737,11,0.0149253731343284,"Sep 2019",9,-0.00414819634796047
"399","Sep",2019,"Personal Care",737,737,1,"Sep 2019",9,0
"400","Sep",2019,"Phone Calls",737,117,0.158751696065129,"Sep 2019",9,0.0225119140487801
"401","Sep",2019,"Care Services",737,52,0.0705563093622795,"Sep 2019",9,0.00107402053394164
"402","Sep",2019,"Consumer Purchasing",737,301,0.408412483039349,"Sep 2019",9,-0.0357292063339483
"403","Sep",2019,"Religious/Spiritual Activities",737,112,0.151967435549525,"Sep 2019",9,0.051149996857427
"404","Sep",2019,"Socializing and Leisure",737,705,0.956580732700136,"Sep 2019",9,0.00562705422602117
"405","Sep",2019,"Sports and Exercise",737,160,0.217096336499322,"Sep 2019",9,0.0100118678344714
"406","Sep",2019,"Traveling",737,594,0.805970149253731,"Sep 2019",9,-0.0305421123266502
"407","Sep",2019,"Volunteering",737,37,0.0502035278154681,"Sep 2019",9,-0.00837957845156186
"408","Sep",2019,"Work",737,276,0.37449118046133,"Sep 2019",9,0.0298045319599674
"409","Sep",2020,"Caring for Household",736,179,0.24320652173913,"Sep 2020",20,0.0547081191832199
"410","Sep",2020,"Caring for Non-Household",736,62,0.0842391304347826,"Sep 2020",20,-0.00415277584849748
"411","Sep",2020,"Education",736,40,0.0543478260869565,"Sep 2020",20,0.0255938324767329
"412","Sep",2020,"Eating and Drinking",736,710,0.964673913043478,"Sep 2020",20,-0.00231224244107975
"413","Sep",2020,"Civic Duties",736,3,0.00407608695652174,"Sep 2020",20,-0.000183763948696579
"414","Sep",2020,"Household Activites",736,607,0.824728260869565,"Sep 2020",20,0.0142916261517803
"415","Sep",2020,"Household Services",736,12,0.016304347826087,"Sep 2020",20,0.000329906931518267
"416","Sep",2020,"Personal Care",736,736,1,"Sep 2020",20,0
"417","Sep",2020,"Phone Calls",736,105,0.142663043478261,"Sep 2020",20,-0.00110692457285735
"418","Sep",2020,"Care Services",736,51,0.0692934782608696,"Sep 2020",20,0.0160453419456406
"419","Sep",2020,"Consumer Purchasing",736,264,0.358695652173913,"Sep 2020",20,0.0104528406723156
"420","Sep",2020,"Religious/Spiritual Activities",736,60,0.0815217391304348,"Sep 2020",20,-0.00261031624762699
"421","Sep",2020,"Socializing and Leisure",736,700,0.951086956521739,"Sep 2020",20,-0.00844445987868681
"422","Sep",2020,"Sports and Exercise",736,169,0.229619565217391,"Sep 2020",20,-0.0462057808954948
"423","Sep",2020,"Traveling",736,517,0.702445652173913,"Sep 2020",20,0.0155446937074594
"424","Sep",2020,"Volunteering",736,29,0.0394021739130435,"Sep 2020",20,-1.44696022595647e-06
"425","Sep",2020,"Work",736,272,0.369565217391304,"Sep 2020",20,0.0607260267629763
"426","Sep",2021,"Caring for Household",640,155,0.2421875,"Sep 2021",32,-0.00115390435835352
"427","Sep",2021,"Caring for Non-Household",640,80,0.125,"Sep 2021",32,0.0184624697336562
"428","Sep",2021,"Education",640,37,0.0578125,"Sep 2021",32,0.0348100786924939
"429","Sep",2021,"Eating and Drinking",640,615,0.9609375,"Sep 2021",32,0.0129956113801453
"430","Sep",2021,"Civic Duties",640,3,0.0046875,"Sep 2021",32,0.00347684624697337
"431","Sep",2021,"Household Activites",640,518,0.809375,"Sep 2021",32,-0.0162908595641647
"432","Sep",2021,"Household Services",640,11,0.0171875,"Sep 2021",32,-0.0106575363196126
"433","Sep",2021,"Personal Care",640,639,0.9984375,"Sep 2021",32,-0.00156250000000002
"434","Sep",2021,"Phone Calls",640,97,0.1515625,"Sep 2021",32,-0.00824379539951575
"435","Sep",2021,"Care Services",640,46,0.071875,"Sep 2021",32,0.0149742736077482
"436","Sep",2021,"Consumer Purchasing",640,257,0.4015625,"Sep 2021",32,0.00204676150121064
"437","Sep",2021,"Religious/Spiritual Activities",640,73,0.1140625,"Sep 2021",32,0.001471700968523
"438","Sep",2021,"Socializing and Leisure",640,613,0.9578125,"Sep 2021",32,0.0013960351089588
"439","Sep",2021,"Sports and Exercise",640,160,0.25,"Sep 2021",32,0.0127118644067797
"440","Sep",2021,"Traveling",640,487,0.7609375,"Sep 2021",32,0.0200174031476998
"441","Sep",2021,"Volunteering",640,27,0.0421875,"Sep 2021",32,-0.00260668886198547
"442","Sep",2021,"Work",640,224,0.35,"Sep 2021",32,-0.0349878934624698
"443","Oct",2019,"Caring for Household",677,202,0.298375184638109,"Oct 2019",10,0.0419301371482857
"444","Oct",2019,"Caring for Non-Household",677,68,0.100443131462334,"Oct 2019",10,-0.0148892973029308
"445","Oct",2019,"Education",677,38,0.0561299852289513,"Oct 2019",10,0.0154244221353285
"446","Oct",2019,"Eating and Drinking",677,640,0.945347119645495,"Oct 2019",10,-0.00716305674527862
"447","Oct",2019,"Civic Duties",677,4,0.00590841949778434,"Oct 2019",10,0.00183786318842206
"448","Oct",2019,"Household Activites",677,558,0.824224519940916,"Oct 2019",10,0.00739955386221847
"449","Oct",2019,"Household Services",677,12,0.017725258493353,"Oct 2019",10,0.00279988535902467
"450","Oct",2019,"Personal Care",677,677,1,"Oct 2019",10,0
"451","Oct",2019,"Phone Calls",677,92,0.13589364844904,"Oct 2019",10,-0.022858047616089
"452","Oct",2019,"Care Services",677,56,0.0827178729689808,"Oct 2019",10,0.0121615636067013
"453","Oct",2019,"Consumer Purchasing",677,260,0.384047267355982,"Oct 2019",10,-0.0243652156833664
"454","Oct",2019,"Religious/Spiritual Activities",677,84,0.124076809453471,"Oct 2019",10,-0.0278906260960539
"455","Oct",2019,"Socializing and Leisure",677,637,0.940915805022157,"Oct 2019",10,-0.0156649276779791
"456","Oct",2019,"Sports and Exercise",677,145,0.214180206794682,"Oct 2019",10,-0.00291612970463917
"457","Oct",2019,"Traveling",677,567,0.837518463810931,"Oct 2019",10,0.0315483145571992
"458","Oct",2019,"Volunteering",677,47,0.069423929098966,"Oct 2019",10,0.0192204012834979
"459","Oct",2019,"Work",677,263,0.388478581979321,"Oct 2019",10,0.0139874015179908
"460","Oct",2020,"Caring for Household",854,170,0.199063231850117,"Oct 2020",21,-0.0441432898890133
"461","Oct",2020,"Caring for Non-Household",854,89,0.104215456674473,"Oct 2020",21,0.0199763262396905
"462","Oct",2020,"Education",854,47,0.0550351288056206,"Oct 2020",21,0.000687302718664087
"463","Oct",2020,"Eating and Drinking",854,823,0.963700234192037,"Oct 2020",21,-0.00097367885144084
"464","Oct",2020,"Civic Duties",854,7,0.00819672131147541,"Oct 2020",21,0.00412063435495367
"465","Oct",2020,"Household Activites",854,684,0.800936768149883,"Oct 2020",21,-0.0237914927196823
"466","Oct",2020,"Household Services",854,23,0.0269320843091335,"Oct 2020",21,0.0106277364830465
"467","Oct",2020,"Personal Care",854,853,0.998829039812646,"Oct 2020",21,-0.00117096018735363
"468","Oct",2020,"Phone Calls",854,134,0.156908665105386,"Oct 2020",21,0.0142456216271256
"469","Oct",2020,"Care Services",854,53,0.0620608899297424,"Oct 2020",21,-0.00723258833112718
"470","Oct",2020,"Consumer Purchasing",854,306,0.358313817330211,"Oct 2020",21,-0.000381834843702245
"471","Oct",2020,"Religious/Spiritual Activities",854,86,0.100702576112412,"Oct 2020",21,0.0191808369819774
"472","Oct",2020,"Socializing and Leisure",854,815,0.954332552693208,"Oct 2020",21,0.00324559617146924
"473","Oct",2020,"Sports and Exercise",854,198,0.231850117096019,"Oct 2020",21,0.00223055187862745
"474","Oct",2020,"Traveling",854,571,0.668618266978923,"Oct 2020",21,-0.0338273851949904
"475","Oct",2020,"Volunteering",854,44,0.0515222482435597,"Oct 2020",21,0.0121200743305162
"476","Oct",2020,"Work",854,279,0.326697892271663,"Oct 2020",21,-0.0428673251196416
"477","Oct",2021,"Caring for Household",807,173,0.214374225526642,"Oct 2021",33,-0.0278132744733581
"478","Oct",2021,"Caring for Non-Household",807,96,0.118959107806691,"Oct 2021",33,-0.00604089219330856
"479","Oct",2021,"Education",807,38,0.047087980173482,"Oct 2021",33,-0.010724519826518
"480","Oct",2021,"Eating and Drinking",807,786,0.973977695167286,"Oct 2021",33,0.0130401951672863
"481","Oct",2021,"Civic Duties",807,3,0.00371747211895911,"Oct 2021",33,-0.000970027881040892
"482","Oct",2021,"Household Activites",807,654,0.810408921933085,"Oct 2021",33,0.00103392193308549
"483","Oct",2021,"Household Services",807,21,0.0260223048327138,"Oct 2021",33,0.00883480483271375
"484","Oct",2021,"Personal Care",807,807,1,"Oct 2021",33,0.00156250000000002
"485","Oct",2021,"Phone Calls",807,98,0.121437422552664,"Oct 2021",33,-0.0301250774473358
"486","Oct",2021,"Care Services",807,57,0.0706319702602231,"Oct 2021",33,-0.00124302973977694
"487","Oct",2021,"Consumer Purchasing",807,323,0.400247831474597,"Oct 2021",33,-0.00131466852540274
"488","Oct",2021,"Religious/Spiritual Activities",807,102,0.12639405204461,"Oct 2021",33,0.0123315520446097
"489","Oct",2021,"Socializing and Leisure",807,767,0.950433705080545,"Oct 2021",33,-0.0073787949194547
"490","Oct",2021,"Sports and Exercise",807,154,0.190830235439901,"Oct 2021",33,-0.0591697645600991
"491","Oct",2021,"Traveling",807,607,0.752168525402726,"Oct 2021",33,-0.00876897459727388
"492","Oct",2021,"Volunteering",807,40,0.0495662949194548,"Oct 2021",33,0.00737879491945477
"493","Oct",2021,"Work",807,267,0.330855018587361,"Oct 2021",33,-0.0191449814126394
"494","Nov",2019,"Caring for Household",765,190,0.248366013071895,"Nov 2019",11,-0.0500091715662139
"495","Nov",2019,"Caring for Non-Household",765,99,0.129411764705882,"Nov 2019",11,0.0289686332435485
"496","Nov",2019,"Education",765,37,0.0483660130718954,"Nov 2019",11,-0.00776397215705583
"497","Nov",2019,"Eating and Drinking",765,726,0.949019607843137,"Nov 2019",11,0.00367248819764243
"498","Nov",2019,"Civic Duties",765,7,0.00915032679738562,"Nov 2019",11,0.00324190729960128
"499","Nov",2019,"Household Activites",765,633,0.827450980392157,"Nov 2019",11,0.00322646045124098
"500","Nov",2019,"Household Services",765,19,0.0248366013071895,"Nov 2019",11,0.00711134281383651
"501","Nov",2019,"Personal Care",765,765,1,"Nov 2019",11,0
"502","Nov",2019,"Phone Calls",765,115,0.150326797385621,"Nov 2019",11,0.014433148936581
"503","Nov",2019,"Care Services",765,58,0.0758169934640523,"Nov 2019",11,-0.00690087950492851
"504","Nov",2019,"Consumer Purchasing",765,331,0.432679738562092,"Nov 2019",11,0.0486324712061093
"505","Nov",2019,"Religious/Spiritual Activities",765,94,0.122875816993464,"Nov 2019",11,-0.00120099246000716
"506","Nov",2019,"Socializing and Leisure",765,732,0.956862745098039,"Nov 2019",11,0.0159469400758827
"507","Nov",2019,"Sports and Exercise",765,145,0.189542483660131,"Nov 2019",11,-0.0246377231345517
"508","Nov",2019,"Traveling",765,623,0.81437908496732,"Nov 2019",11,-0.0231393788436103
"509","Nov",2019,"Volunteering",765,51,0.0666666666666667,"Nov 2019",11,-0.00275726243229936
"510","Nov",2019,"Work",765,263,0.343790849673203,"Nov 2019",11,-0.0446877323061179
"511","Nov",2020,"Caring for Household",851,193,0.226792009400705,"Nov 2020",22,0.0277287775505879
"512","Nov",2020,"Caring for Non-Household",851,71,0.0834312573443008,"Nov 2020",22,-0.0207841993301723
"513","Nov",2020,"Education",851,51,0.0599294947121034,"Nov 2020",22,0.0048943659064828
"514","Nov",2020,"Eating and Drinking",851,816,0.958871915393655,"Nov 2020",22,-0.00482831879838286
"515","Nov",2020,"Civic Duties",851,3,0.00352526439482961,"Nov 2020",22,-0.0046714569166458
"516","Nov",2020,"Household Activites",851,711,0.835487661574618,"Nov 2020",22,0.0345508934247352
"517","Nov",2020,"Household Services",851,15,0.0176263219741481,"Nov 2020",22,-0.00930576233498543
"518","Nov",2020,"Personal Care",851,850,0.99882491186839,"Nov 2020",22,-4.12794425619367e-06
"519","Nov",2020,"Phone Calls",851,146,0.171562867215041,"Nov 2020",22,0.0146542021096547
"520","Nov",2020,"Care Services",851,50,0.0587544065804935,"Nov 2020",22,-0.00330648334924885
"521","Nov",2020,"Consumer Purchasing",851,323,0.379553466509988,"Nov 2020",22,0.0212396491797774
"522","Nov",2020,"Religious/Spiritual Activities",851,86,0.101057579318449,"Nov 2020",22,0.000355003206036708
"523","Nov",2020,"Socializing and Leisure",851,813,0.955346650998825,"Nov 2020",22,0.0010140983056165
"524","Nov",2020,"Sports and Exercise",851,166,0.195064629847239,"Nov 2020",22,-0.0367854872487802
"525","Nov",2020,"Traveling",851,583,0.685076380728555,"Nov 2020",22,0.0164581137496319
"526","Nov",2020,"Volunteering",851,36,0.0423031727379553,"Nov 2020",22,-0.00921907550560437
"527","Nov",2020,"Work",851,271,0.318448883666275,"Nov 2020",22,-0.00824900860538774
"528","Nov",2021,"Caring for Household",683,160,0.234260614934114,"Nov 2021",34,0.0198863894074723
"529","Nov",2021,"Caring for Non-Household",683,65,0.0951683748169839,"Nov 2021",34,-0.0237907329897075
"530","Nov",2021,"Education",683,38,0.0556368960468521,"Nov 2021",34,0.0085489158733701
"531","Nov",2021,"Eating and Drinking",683,669,0.979502196193265,"Nov 2021",34,0.00552450102597879
"532","Nov",2021,"Civic Duties",683,0,0,"Nov 2021",34,-0.00371747211895911
"533","Nov",2021,"Household Activites",683,565,0.827232796486091,"Nov 2021",34,0.0168238745530054
"534","Nov",2021,"Household Services",683,16,0.0234260614934114,"Nov 2021",34,-0.00259624333930233
"535","Nov",2021,"Personal Care",683,682,0.998535871156662,"Nov 2021",34,-0.00146412884333824
"536","Nov",2021,"Phone Calls",683,96,0.140556368960469,"Nov 2021",34,0.0191189464078043
"537","Nov",2021,"Care Services",683,53,0.0775988286969253,"Nov 2021",34,0.00696685843670228
"538","Nov",2021,"Consumer Purchasing",683,267,0.390922401171303,"Nov 2021",34,-0.00932543030329419
"539","Nov",2021,"Religious/Spiritual Activities",683,60,0.0878477306002928,"Nov 2021",34,-0.0385463214443168
"540","Nov",2021,"Socializing and Leisure",683,646,0.945827232796486,"Nov 2021",34,-0.00460647228405919
"541","Nov",2021,"Sports and Exercise",683,121,0.177159590043924,"Nov 2021",34,-0.013670645395977
"542","Nov",2021,"Traveling",683,506,0.740849194729136,"Nov 2021",34,-0.01131933067359
"543","Nov",2021,"Volunteering",683,44,0.0644216691068814,"Nov 2021",34,0.0148553741874266
"544","Nov",2021,"Work",683,229,0.335285505124451,"Nov 2021",34,0.00443048653709033
"545","Dec",2019,"Caring for Household",805,211,0.262111801242236,"Dec 2019",12,0.0137457881703406
"546","Dec",2019,"Caring for Non-Household",805,86,0.106832298136646,"Dec 2019",12,-0.0225794665692364
"547","Dec",2019,"Education",805,32,0.0397515527950311,"Dec 2019",12,-0.00861446027686437
"548","Dec",2019,"Eating and Drinking",805,770,0.956521739130435,"Dec 2019",12,0.0075021312872976
"549","Dec",2019,"Civic Duties",805,1,0.00124223602484472,"Dec 2019",12,-0.0079080907725409
"550","Dec",2019,"Household Activites",805,661,0.82111801242236,"Dec 2019",12,-0.00633296796979654
"551","Dec",2019,"Household Services",805,12,0.0149068322981366,"Dec 2019",12,-0.0099297690090529
"552","Dec",2019,"Personal Care",805,805,1,"Dec 2019",12,0
"553","Dec",2019,"Phone Calls",805,130,0.161490683229814,"Dec 2019",12,0.0111638858441928
"554","Dec",2019,"Care Services",805,58,0.0720496894409938,"Dec 2019",12,-0.0037673040230585
"555","Dec",2019,"Consumer Purchasing",805,331,0.411180124223603,"Dec 2019",12,-0.021499614338489
"556","Dec",2019,"Religious/Spiritual Activities",805,102,0.126708074534161,"Dec 2019",12,0.00383225754069745
"557","Dec",2019,"Socializing and Leisure",805,762,0.946583850931677,"Dec 2019",12,-0.0102788941663622
"558","Dec",2019,"Sports and Exercise",805,130,0.161490683229814,"Dec 2019",12,-0.028051800430317
"559","Dec",2019,"Traveling",805,649,0.806211180124224,"Dec 2019",12,-0.00816790484309671
"560","Dec",2019,"Volunteering",805,54,0.0670807453416149,"Dec 2019",12,0.000414078674948234
"561","Dec",2019,"Work",805,292,0.362732919254658,"Dec 2019",12,0.0189420695814558
"562","Dec",2020,"Caring for Household",693,149,0.215007215007215,"Dec 2020",23,-0.01178479439349
"563","Dec",2020,"Caring for Non-Household",693,51,0.0735930735930736,"Dec 2020",23,-0.00983818375122722
"564","Dec",2020,"Education",693,37,0.0533910533910534,"Dec 2020",23,-0.00653844132105002
"565","Dec",2020,"Eating and Drinking",693,668,0.963924963924964,"Dec 2020",23,0.00505304853130939
"566","Dec",2020,"Civic Duties",693,1,0.00144300144300144,"Dec 2020",23,-0.00208226295182817
"567","Dec",2020,"Household Activites",693,576,0.831168831168831,"Dec 2020",23,-0.00431883040578684
"568","Dec",2020,"Household Services",693,13,0.0187590187590188,"Dec 2020",23,0.0011326967848707
"569","Dec",2020,"Personal Care",693,691,0.997113997113997,"Dec 2020",23,-0.00171091475439311
"570","Dec",2020,"Phone Calls",693,126,0.181818181818182,"Dec 2020",23,0.0102553146031407
"571","Dec",2020,"Care Services",693,47,0.0678210678210678,"Dec 2020",23,0.00906666124057429
"572","Dec",2020,"Consumer Purchasing",693,284,0.40981240981241,"Dec 2020",23,0.0302589433024216
"573","Dec",2020,"Religious/Spiritual Activities",693,64,0.0923520923520924,"Dec 2020",23,-0.00870548696635653
"574","Dec",2020,"Socializing and Leisure",693,662,0.955266955266955,"Dec 2020",23,-7.96957318696112e-05
"575","Dec",2020,"Sports and Exercise",693,115,0.165945165945166,"Dec 2020",23,-0.0291194639020726
"576","Dec",2020,"Traveling",693,446,0.643578643578644,"Dec 2020",23,-0.041497737149911
"577","Dec",2020,"Volunteering",693,32,0.0461760461760462,"Dec 2020",23,0.00387287343809083
"578","Dec",2020,"Work",693,222,0.32034632034632,"Dec 2020",23,0.00189743668004533
"579","Dec",2021,"Caring for Household",596,130,0.218120805369128,"Dec 2021",35,-0.0161398095649867
"580","Dec",2021,"Caring for Non-Household",596,52,0.087248322147651,"Dec 2021",35,-0.00792005266933289
"581","Dec",2021,"Education",596,28,0.0469798657718121,"Dec 2021",35,-0.00865703027504004
"582","Dec",2021,"Eating and Drinking",596,577,0.968120805369127,"Dec 2021",35,-0.0113813908241376
"583","Dec",2021,"Civic Duties",596,1,0.00167785234899329,"Dec 2021",35,0.00167785234899329
"584","Dec",2021,"Household Activites",596,488,0.818791946308725,"Dec 2021",35,-0.00844085017736595
"585","Dec",2021,"Household Services",596,13,0.0218120805369128,"Dec 2021",35,-0.00161398095649867
"586","Dec",2021,"Personal Care",596,596,1,"Dec 2021",35,0.00146412884333824
"587","Dec",2021,"Phone Calls",596,90,0.151006711409396,"Dec 2021",35,0.0104503424489275
"588","Dec",2021,"Care Services",596,43,0.0721476510067114,"Dec 2021",35,-0.00545117769021392
"589","Dec",2021,"Consumer Purchasing",596,227,0.380872483221476,"Dec 2021",35,-0.0100499179498266
"590","Dec",2021,"Religious/Spiritual Activities",596,60,0.100671140939597,"Dec 2021",35,0.0128234103393045
"591","Dec",2021,"Socializing and Leisure",596,567,0.951342281879195,"Dec 2021",35,0.00551504908270861
"592","Dec",2021,"Sports and Exercise",596,107,0.179530201342282,"Dec 2021",35,0.002370611298358
"593","Dec",2021,"Traveling",596,446,0.748322147651007,"Dec 2021",35,0.00747295292187056
"594","Dec",2021,"Volunteering",596,35,0.0587248322147651,"Dec 2021",35,-0.00569683689211631
"595","Dec",2021,"Work",596,219,0.36744966442953,"Dec 2021",35,0.0321641593050793
